customer_id,telecom_partner,gender,age,state,city,estimated_salary,calls_made,sms_sent,data_used,tenure_days,churn_probability,CHURN_FLAG,CHURN_FLAG_LABEL,RISK_TIER
419,Reliance Jio,M,65,Himachal Pradesh,Bangalore,87182,76,33,4217,1459,0.20526050329963935,1,YES,Critical
170,Reliance Jio,M,60,Meghalaya,Bangalore,94281,62,40,4428,1461,0.2050021085422716,1,YES,Critical
398,Reliance Jio,M,44,Himachal Pradesh,Hyderabad,82926,47,43,3690,1460,0.2048288486944941,1,YES,Critical
535,Reliance Jio,M,52,Madhya Pradesh,Delhi,69862,76,27,2682,1459,0.20306349062217488,1,YES,Critical
710,BSNL,M,60,Himachal Pradesh,Mumbai,76609,77,38,5665,1458,0.20204091083234052,1,YES,Critical
300,BSNL,M,55,Assam,Kolkata,83930,81,27,2832,1460,0.20036534897990504,1,YES,Critical
309,Reliance Jio,M,64,Odisha,Hyderabad,54157,58,43,1520,1460,0.19997978517808135,1,YES,Critical
703,Reliance Jio,M,54,Arunachal Pradesh,Mumbai,70843,53,38,4050,1458,0.1998658868152996,1,YES,Critical
522,Airtel,M,44,West Bengal,Delhi,58917,96,43,7408,1459,0.19952274610814758,1,YES,Critical
709,Vodafone,M,59,Karnataka,Bangalore,82263,82,30,8821,1458,0.19937234417076014,1,YES,Critical
107,Vodafone,F,58,Assam,Delhi,58870,98,40,7367,1461,0.1991199214739306,1,YES,Critical
48,BSNL,M,52,West Bengal,Bangalore,75578,46,42,4853,1461,0.1990383496077078,1,YES,Critical
243,Vodafone,F,33,Arunachal Pradesh,Kolkata,75395,29,46,4116,1460,0.19903274877809274,1,YES,Critical
367,Airtel,M,71,Gujarat,Hyderabad,57910,88,34,6214,1460,0.19897815406579084,1,YES,Critical
418,Vodafone,M,53,Tripura,Delhi,82155,87,45,7588,1459,0.19893460929818618,1,YES,Critical
36,Reliance Jio,F,62,Madhya Pradesh,Delhi,90788,46,29,4532,1461,0.19889183025413723,1,YES,Critical
527,Reliance Jio,M,58,Uttarakhand,Hyderabad,121046,83,40,2843,1459,0.1985276373242296,1,YES,Critical
103,BSNL,M,31,Madhya Pradesh,Delhi,73367,69,44,4943,1461,0.19843885431826486,1,YES,Critical
231,Reliance Jio,M,61,Karnataka,Chennai,65026,53,32,215,1460,0.19833387893007917,1,YES,Critical
121,Vodafone,M,65,Chhattisgarh,Delhi,55114,65,33,214,1461,0.19799954586755092,1,YES,Critical
360,Vodafone,M,70,Uttar Pradesh,Mumbai,123779,69,37,3444,1460,0.19799214831975717,1,YES,Critical
707,Reliance Jio,M,48,Chhattisgarh,Chennai,66667,97,34,8951,1458,0.19798707626696835,1,YES,Critical
401,BSNL,M,73,Chhattisgarh,Bangalore,52898,89,19,4250,1459,0.19792657305381656,1,YES,Critical
117,Reliance Jio,F,40,Nagaland,Chennai,85856,98,52,1781,1461,0.19779212505047047,1,YES,Critical
491,Airtel,F,65,Gujarat,Chennai,75699,78,22,5104,1459,0.19769185144569418,1,YES,Critical
259,Airtel,M,45,Chhattisgarh,Mumbai,73602,87,46,396,1460,0.19765270440969182,1,YES,Critical
331,Reliance Jio,F,66,Gujarat,Bangalore,87045,57,24,1301,1460,0.19764852496174662,1,YES,Critical
365,BSNL,M,40,Assam,Chennai,103965,45,27,3814,1460,0.19763736770044457,1,YES,Critical
136,BSNL,M,65,Bihar,Mumbai,54114,37,39,2594,1461,0.19743030517668664,1,YES,Critical
18,Reliance Jio,M,59,Madhya Pradesh,Hyderabad,101694,80,20,2605,1461,0.19713367362505033,1,YES,Critical
210,Airtel,F,36,Uttar Pradesh,Hyderabad,84307,85,29,5370,1460,0.19701557025944028,1,YES,Critical
314,Vodafone,M,66,Goa,Delhi,84945,50,35,3104,1460,0.1969839014502818,1,YES,Critical
189,Reliance Jio,F,48,Arunachal Pradesh,Bangalore,63598,46,36,4300,1461,0.19698098266598354,1,YES,Critical
745,BSNL,M,48,Assam,Delhi,76062,74,25,8417,1458,0.19694092824295711,1,YES,Critical
681,Reliance Jio,M,67,Manipur,Kolkata,105219,93,43,1482,1458,0.19677817994854702,1,YES,Critical
21,Vodafone,F,58,Goa,Bangalore,118578,94,50,2214,1461,0.19676914092686268,1,YES,Critical
118,Reliance Jio,M,24,Chhattisgarh,Chennai,66198,78,36,4517,1461,0.19668009928383182,1,YES,Critical
325,Vodafone,M,51,Gujarat,Chennai,74585,50,26,7700,1460,0.19654563761901983,1,YES,Critical
980,Reliance Jio,M,65,Gujarat,Delhi,64956,86,27,3837,1457,0.19653157600331086,1,YES,Critical
188,BSNL,M,58,Tripura,Bangalore,101004,78,32,3938,1461,0.1960861506073,1,YES,Critical
916,Reliance Jio,M,69,Odisha,Hyderabad,84245,80,31,6625,1457,0.19605762113785585,1,YES,Critical
397,BSNL,F,47,Uttarakhand,Kolkata,60281,92,10,4671,1460,0.1959605766819656,1,YES,Critical
387,Reliance Jio,M,52,Arunachal Pradesh,Hyderabad,101109,35,32,650,1460,0.1957562817420368,1,YES,Critical
345,Vodafone,M,27,Telangana,Mumbai,91209,81,44,2843,1460,0.19564273919953376,1,YES,Critical
440,Vodafone,F,66,Odisha,Mumbai,103979,75,30,212,1459,0.19557425203989506,1,YES,Critical
248,Vodafone,M,39,Chhattisgarh,Kolkata,80822,33,46,6921,1460,0.19556849740639592,1,YES,Critical
551,Reliance Jio,M,43,Arunachal Pradesh,Chennai,112179,55,38,0,1459,0.1955170555353414,1,YES,Critical
208,BSNL,F,60,Nagaland,Hyderabad,75974,68,49,2262,1460,0.19549377338387008,1,YES,Critical
393,Reliance Jio,M,65,Haryana,Hyderabad,117358,64,48,5016,1460,0.19518398234282897,1,YES,Critical
6,Vodafone,M,36,Uttarakhand,Chennai,73452,91,24,8109,1461,0.19518267839076933,1,YES,Critical
542,BSNL,F,38,Odisha,Delhi,83729,53,29,8183,1459,0.19515025748348802,1,YES,Critical
38,BSNL,M,52,Telangana,Bangalore,69301,69,44,528,1461,0.1951244799782395,1,YES,Critical
218,Vodafone,F,27,Chhattisgarh,Delhi,73418,33,38,5314,1460,0.19508798406803254,1,YES,Critical
644,Reliance Jio,M,46,Goa,Chennai,103623,101,24,1242,1458,0.19487327821544217,1,YES,Critical
94,Vodafone,F,52,Haryana,Hyderabad,100048,39,43,907,1461,0.19471821749734666,1,YES,Critical
260,Airtel,F,33,Kerala,Bangalore,119465,72,41,4484,1460,0.1947030226170773,1,YES,Critical
422,Reliance Jio,F,56,Nagaland,Mumbai,103335,77,20,6335,1459,0.19464374952573346,1,YES,Critical
381,BSNL,M,29,Tamil Nadu,Delhi,128897,77,46,2351,1460,0.194551960353014,1,YES,Critical
953,Reliance Jio,M,74,Meghalaya,Hyderabad,77342,55,44,4342,1457,0.19440160542204613,1,YES,Critical
495,Airtel,F,41,Uttarakhand,Delhi,63658,73,30,8497,1459,0.1943546895948932,1,YES,Critical
130,Vodafone,M,34,Haryana,Hyderabad,132240,57,42,7082,1461,0.19430718911725153,1,YES,Critical
385,Vodafone,F,39,Jharkhand,Hyderabad,77635,85,40,579,1460,0.19415493809839846,1,YES,Critical
574,Reliance Jio,F,31,Tripura,Chennai,52906,81,27,5275,1459,0.19413218275827426,1,YES,Critical
192,Vodafone,M,29,Nagaland,Kolkata,57925,70,41,5774,1461,0.1937640774267917,1,YES,Critical
684,Reliance Jio,M,33,Arunachal Pradesh,Delhi,134031,67,24,4074,1458,0.19365235453777843,1,YES,Critical
768,Vodafone,F,26,Goa,Bangalore,59802,95,28,6393,1458,0.193448109173787,1,YES,Critical
164,Vodafone,F,68,Bihar,Delhi,113555,29,29,3274,1461,0.19343602158257572,1,YES,Critical
119,Vodafone,F,72,Maharashtra,Kolkata,92886,79,23,3167,1461,0.19337801732593918,1,YES,Critical
179,Airtel,M,22,Meghalaya,Mumbai,61756,78,41,4519,1461,0.19326048075186197,1,YES,Critical
340,Airtel,M,54,Tamil Nadu,Hyderabad,62846,98,15,5876,1460,0.19311033687551776,1,YES,Critical
627,Vodafone,F,51,Odisha,Bangalore,105253,94,43,3694,1458,0.19304517637427135,1,YES,Critical
783,Reliance Jio,M,48,Haryana,Kolkata,126943,98,45,3349,1458,0.1930260066390991,1,YES,Critical
473,Vodafone,M,36,Assam,Chennai,97004,89,11,5955,1459,0.19291615194801476,1,YES,Critical
199,BSNL,M,57,Mizoram,Mumbai,93731,88,32,8342,1461,0.19287088566114485,1,YES,Critical
343,Airtel,M,57,Himachal Pradesh,Delhi,117355,50,38,6185,1460,0.19278739057350106,1,YES,Critical
290,Vodafone,M,42,Himachal Pradesh,Kolkata,127552,54,37,3315,1460,0.19261207449732598,1,YES,Critical
319,Airtel,M,33,Madhya Pradesh,Kolkata,133702,84,19,3928,1460,0.19259447008312464,1,YES,Critical
74,Vodafone,F,59,Maharashtra,Mumbai,63041,45,45,4405,1461,0.19243194249600235,1,YES,Critical
177,BSNL,M,19,Himachal Pradesh,Hyderabad,98573,80,27,1288,1461,0.19233699997607634,1,YES,Critical
76,BSNL,M,34,Kerala,Chennai,127804,59,16,3488,1461,0.19228155775802974,1,YES,Critical
286,Vodafone,M,19,Sikkim,Kolkata,109872,37,24,7806,1460,0.19224149193211823,1,YES,Critical
264,Airtel,M,35,Punjab,Mumbai,142177,59,22,7049,1460,0.19189680341065052,1,YES,High
45,BSNL,F,53,Assam,Kolkata,45828,87,30,4939,1461,0.19189480995068114,1,YES,High
688,Reliance Jio,F,60,Manipur,Chennai,53590,50,45,6747,1458,0.19179520952187482,1,YES,High
471,Airtel,F,46,Sikkim,Kolkata,53404,93,48,2594,1459,0.19175692179009265,1,YES,High
945,Reliance Jio,F,23,Sikkim,Delhi,71761,91,34,4825,1457,0.1917191054177157,1,YES,High
333,Vodafone,M,33,Arunachal Pradesh,Delhi,52681,64,47,3293,1460,0.19171090946755245,1,YES,High
332,Vodafone,M,28,West Bengal,Kolkata,82306,70,46,1261,1460,0.1916704112712282,1,YES,High
10,BSNL,F,57,Rajasthan,Mumbai,126422,61,33,567,1461,0.19151499572043376,1,YES,High
611,Vodafone,M,19,Meghalaya,Hyderabad,132309,56,45,5178,1458,0.19147822052245936,1,YES,High
705,Airtel,F,46,Maharashtra,Kolkata,102507,74,24,7127,1458,0.19144907588062368,1,YES,High
811,Airtel,M,25,Punjab,Kolkata,80528,65,40,6555,1457,0.19130551362271267,1,YES,High
163,BSNL,F,38,Meghalaya,Mumbai,99383,91,18,8555,1461,0.19124259722813755,1,YES,High
334,Airtel,M,43,Assam,Kolkata,110758,34,44,3017,1460,0.19123165122358204,1,YES,High
659,Airtel,M,41,Kerala,Hyderabad,108934,90,28,6950,1458,0.19116506428359026,1,YES,High
583,Airtel,F,68,Andhra Pradesh,Delhi,52581,60,26,6942,1459,0.1911534251089148,1,YES,High
144,Reliance Jio,M,49,Uttar Pradesh,Bangalore,145743,62,47,6075,1461,0.19112514902912198,1,YES,High
341,Reliance Jio,M,24,Telangana,Chennai,136740,29,26,4601,1460,0.19103715823540235,1,YES,High
278,BSNL,M,74,Bihar,Kolkata,101394,89,33,3106,1460,0.19092927196848894,1,YES,High
871,Reliance Jio,M,68,Kerala,Hyderabad,52333,67,27,7204,1457,0.19090525747127762,1,YES,High
751,Airtel,M,58,Gujarat,Chennai,56724,67,24,5366,1458,0.19078168870913026,1,YES,High
338,BSNL,M,58,Karnataka,Chennai,74129,26,37,2654,1460,0.19074803182181682,1,YES,High
59,BSNL,F,35,Uttar Pradesh,Bangalore,73419,61,29,5040,1461,0.19062976415352686,1,YES,High
755,Airtel,M,43,Bihar,Chennai,99366,90,30,292,1458,0.19062634985077362,1,YES,High
717,BSNL,M,49,Rajasthan,Hyderabad,125060,67,25,8469,1458,0.19054369576851868,1,YES,High
221,Vodafone,M,73,Nagaland,Hyderabad,50810,75,47,2957,1460,0.1904234355448826,1,YES,High
172,Reliance Jio,M,40,Odisha,Kolkata,91609,76,40,8171,1461,0.19039961106292044,1,YES,High
39,Reliance Jio,M,69,Gujarat,Chennai,87166,92,15,0,1461,0.19033711980143284,1,YES,High
762,Airtel,M,26,Haryana,Hyderabad,100746,86,45,9719,1458,0.19032754721711015,1,YES,High
507,BSNL,M,23,Kerala,Mumbai,101553,90,15,10125,1459,0.19032511804995697,1,YES,High
605,Vodafone,F,29,Maharashtra,Bangalore,64743,94,34,8803,1458,0.19030632766246935,1,YES,High
268,Reliance Jio,M,69,Odisha,Bangalore,105856,64,24,1334,1460,0.19021309582530543,1,YES,High
301,Vodafone,M,54,Andhra Pradesh,Bangalore,110342,86,11,3011,1460,0.19015522484923184,1,YES,High
748,Vodafone,F,71,Kerala,Kolkata,83667,65,30,8918,1458,0.19006392063737002,1,YES,High
270,Reliance Jio,F,71,Bihar,Bangalore,58985,83,8,5596,1460,0.19004430815289297,1,YES,High
127,Reliance Jio,M,62,Punjab,Mumbai,56168,90,18,5658,1461,0.19004183512782935,1,YES,High
769,Vodafone,M,59,Kerala,Chennai,129675,69,33,5447,1458,0.18999503968653203,1,YES,High
483,Airtel,M,72,Bihar,Hyderabad,107783,84,18,9316,1459,0.18976181875538303,1,YES,High
252,BSNL,M,62,Chhattisgarh,Hyderabad,130282,47,36,3941,1460,0.18974196836360901,1,YES,High
556,Reliance Jio,M,39,Punjab,Bangalore,99339,73,42,8109,1459,0.18972710393080272,1,YES,High
983,Vodafone,F,22,Tripura,Delhi,74315,79,21,6175,1457,0.18969222142001746,1,YES,High
452,BSNL,M,69,Jharkhand,Delhi,84930,62,49,4426,1459,0.18966872119067293,1,YES,High
237,Vodafone,M,32,Arunachal Pradesh,Chennai,116280,81,8,9252,1460,0.18966181319781408,1,YES,High
42,Reliance Jio,M,33,Rajasthan,Mumbai,119789,102,51,8639,1461,0.18958006499381788,1,YES,High
502,Airtel,M,22,Jharkhand,Bangalore,84699,104,41,3258,1459,0.18956486338242792,1,YES,High
105,Vodafone,M,59,Uttar Pradesh,Delhi,82246,74,12,8560,1461,0.18946947482557983,1,YES,High
537,Vodafone,F,35,Haryana,Mumbai,55354,50,48,6754,1459,0.1893985816584937,1,YES,High
274,Vodafone,M,60,Haryana,Delhi,134937,30,26,2296,1460,0.18936460448521103,1,YES,High
247,Airtel,F,31,Maharashtra,Kolkata,67608,52,39,3784,1460,0.18931301266345635,1,YES,High
666,Reliance Jio,M,60,Karnataka,Delhi,107644,77,20,5103,1458,0.1892399091841484,1,YES,High
938,Airtel,M,32,Tripura,Chennai,112079,91,44,6466,1457,0.18923011330627754,1,YES,High
54,Vodafone,M,70,Uttar Pradesh,Chennai,104134,66,20,1477,1461,0.1891949234526396,1,YES,High
80,BSNL,F,64,Sikkim,Mumbai,113686,91,19,1682,1461,0.1891928635393711,1,YES,High
232,Vodafone,F,45,Arunachal Pradesh,Hyderabad,132579,71,38,6403,1460,0.18917958048728586,1,YES,High
101,Vodafone,M,44,Meghalaya,Mumbai,113584,42,41,729,1461,0.18916363831842078,1,YES,High
732,Vodafone,M,31,Meghalaya,Delhi,72870,57,44,7065,1458,0.18912836538318487,1,YES,High
64,Airtel,M,40,West Bengal,Kolkata,88703,30,48,484,1461,0.18908328010620004,1,YES,High
567,BSNL,F,38,Assam,Delhi,56661,57,25,3658,1459,0.18907105089179088,1,YES,High
632,Vodafone,F,74,Tamil Nadu,Kolkata,113707,33,37,3266,1458,0.1890670798537117,1,YES,High
86,Airtel,F,35,Assam,Hyderabad,72035,80,36,3496,1461,0.1890379889792867,1,YES,High
140,Reliance Jio,M,68,Tamil Nadu,Bangalore,28548,98,33,1919,1461,0.18899542760001548,1,YES,High
547,Vodafone,F,55,Assam,Mumbai,68519,42,40,7983,1459,0.1889607321995599,1,YES,High
129,Airtel,M,22,Andhra Pradesh,Mumbai,132796,68,23,2644,1461,0.18879195772916094,1,YES,High
344,BSNL,F,46,Assam,Bangalore,104717,80,8,7487,1460,0.1886716726101986,1,YES,High
919,Vodafone,M,58,Kerala,Kolkata,76645,36,33,8063,1457,0.18864422878290413,1,YES,High
444,Airtel,M,68,West Bengal,Kolkata,114732,81,42,4317,1459,0.18864084925524835,1,YES,High
786,Reliance Jio,F,64,Uttarakhand,Mumbai,29384,100,41,3167,1458,0.188571376266992,1,YES,High
898,Reliance Jio,M,51,Maharashtra,Delhi,72143,63,37,5966,1457,0.18855033187371795,1,YES,High
759,Airtel,M,58,Haryana,Bangalore,62810,71,26,4293,1458,0.1884947836212013,1,YES,High
561,Reliance Jio,M,29,Arunachal Pradesh,Mumbai,84462,87,21,6766,1459,0.18846726952544343,1,YES,High
633,Vodafone,M,18,Haryana,Mumbai,125189,36,50,2599,1458,0.18846710913546902,1,YES,High
16,BSNL,M,22,Tamil Nadu,Mumbai,100340,88,40,6303,1461,0.18845893733706875,1,YES,High
366,Airtel,M,21,Meghalaya,Chennai,102173,98,10,7145,1460,0.18843341621451548,1,YES,High
994,BSNL,F,39,Madhya Pradesh,Chennai,78871,95,11,4605,1457,0.18836694985200303,1,YES,High
324,Airtel,M,21,West Bengal,Mumbai,77800,15,37,2079,1460,0.18835931608446904,1,YES,High
87,Vodafone,F,55,Mizoram,Mumbai,111216,56,30,3507,1461,0.18834045859878398,1,YES,High
313,Reliance Jio,M,18,Arunachal Pradesh,Hyderabad,109455,5,43,1004,1460,0.18833812686786358,1,YES,High
714,Airtel,F,47,Karnataka,Bangalore,114008,70,16,6246,1458,0.18827239111420854,1,YES,High
492,Airtel,F,73,Haryana,Kolkata,90106,97,46,6760,1459,0.18821947977150502,1,YES,High
60,Reliance Jio,M,18,Chhattisgarh,Bangalore,59727,80,16,1683,1461,0.18819936143783267,1,YES,High
474,BSNL,F,23,Tripura,Delhi,71580,75,14,7537,1459,0.18817957012303183,1,YES,High
516,Airtel,M,62,Assam,Bangalore,39751,92,43,8593,1459,0.18816071208899174,1,YES,High
168,Vodafone,M,34,Jharkhand,Bangalore,65287,69,18,9227,1461,0.1881598811750798,1,YES,High
161,Airtel,M,43,Haryana,Bangalore,113024,30,50,4057,1461,0.1881306265373143,1,YES,High
93,Reliance Jio,F,62,Maharashtra,Chennai,20720,90,29,2963,1461,0.18811892175392034,1,YES,High
976,Vodafone,M,64,Odisha,Hyderabad,73030,47,47,7952,1457,0.18805854249685544,1,YES,High
368,Airtel,F,55,Tamil Nadu,Delhi,100210,95,47,9829,1460,0.18805827121114793,1,YES,High
841,Vodafone,F,39,Punjab,Kolkata,53945,90,51,6840,1457,0.1880179143183723,1,YES,High
378,Reliance Jio,M,45,Gujarat,Chennai,108830,69,49,5900,1460,0.18792910626922263,1,YES,High
46,Airtel,F,55,Himachal Pradesh,Hyderabad,132122,96,31,3183,1461,0.18787462974002841,1,YES,High
203,Airtel,M,33,Goa,Bangalore,128299,83,44,5391,1460,0.18785702561184917,1,YES,High
133,BSNL,M,53,Madhya Pradesh,Kolkata,93214,83,23,4015,1461,0.18785199945554465,1,YES,High
749,BSNL,M,54,Maharashtra,Chennai,103284,44,49,1711,1458,0.18785027768983875,1,YES,High
26,Airtel,F,48,Mizoram,Chennai,94683,28,48,6434,1461,0.18784001974688036,1,YES,High
796,Reliance Jio,M,27,Meghalaya,Hyderabad,81480,81,12,6924,1458,0.18770185350275695,1,YES,High
326,Reliance Jio,F,73,Telangana,Kolkata,56032,28,44,7653,1460,0.18767018775292812,1,YES,High
234,Vodafone,M,32,Karnataka,Kolkata,110639,40,32,0,1460,0.18766298051520172,1,YES,High
207,BSNL,F,57,Punjab,Hyderabad,87831,93,38,4264,1460,0.18764909786564135,1,YES,High
592,Airtel,M,61,Maharashtra,Chennai,60152,65,29,0,1459,0.18758618864618412,1,YES,High
721,Reliance Jio,F,20,Meghalaya,Delhi,134822,79,12,7059,1458,0.18756818177968657,1,YES,High
708,Vodafone,M,23,Himachal Pradesh,Delhi,147511,21,29,6212,1458,0.1874867965525274,1,YES,High
926,Vodafone,F,33,Tripura,Mumbai,73212,97,35,1364,1457,0.18741853832395805,1,YES,High
102,Reliance Jio,M,68,Haryana,Hyderabad,96198,21,40,5271,1461,0.18740991992203043,1,YES,High
190,BSNL,M,49,Gujarat,Hyderabad,96938,68,33,5265,1461,0.18739782718119535,1,YES,High
961,Airtel,M,54,Rajasthan,Hyderabad,99094,77,24,1135,1457,0.18733716406705303,1,YES,High
590,Vodafone,M,36,Karnataka,Bangalore,54413,62,28,5117,1459,0.1873224635619122,1,YES,High
589,Reliance Jio,M,48,Kerala,Chennai,76817,84,16,7203,1459,0.18716600398082867,1,YES,High
323,Reliance Jio,M,49,Bihar,Mumbai,73315,13,45,3755,1460,0.18709629760094004,1,YES,High
354,Airtel,F,57,Telangana,Chennai,29752,75,48,4848,1460,0.18696417775709298,1,YES,High
610,BSNL,M,44,Rajasthan,Mumbai,63238,103,30,4267,1458,0.18691967600434134,1,YES,High
774,BSNL,F,47,Nagaland,Chennai,110255,20,45,2564,1458,0.18688264175434424,1,YES,High
2,Reliance Jio,F,55,Mizoram,Mumbai,130556,62,39,5973,1461,0.18686825505720733,1,YES,High
834,Reliance Jio,M,32,Maharashtra,Mumbai,116298,66,45,4820,1457,0.1868643268742725,1,YES,High
187,Reliance Jio,M,51,Manipur,Bangalore,47430,49,34,566,1461,0.18686282051639752,1,YES,High
794,BSNL,M,30,Tamil Nadu,Delhi,118830,66,32,5655,1458,0.1868586161471365,1,YES,High
719,Airtel,M,55,Manipur,Chennai,87017,32,47,8436,1458,0.18682174799802365,1,YES,High
840,BSNL,F,68,West Bengal,Kolkata,83688,97,34,2820,1457,0.1866531558481273,1,YES,High
346,Airtel,M,38,Gujarat,Hyderabad,102092,86,43,3811,1460,0.18661319310281146,1,YES,High
510,Vodafone,M,66,Andhra Pradesh,Kolkata,136307,92,30,2323,1459,0.18655914913405625,1,YES,High
572,BSNL,F,23,Sikkim,Mumbai,78355,29,45,1176,1459,0.18650926152694833,1,YES,High
970,BSNL,M,28,Manipur,Kolkata,95569,42,29,2058,1457,0.18643029495323185,0,NO,High
704,BSNL,F,55,Mizoram,Mumbai,77793,86,11,8725,1458,0.18641130533061187,0,NO,High
438,Vodafone,M,37,Uttar Pradesh,Kolkata,112351,30,44,0,1459,0.18637276719445897,0,NO,High
96,Vodafone,M,62,Maharashtra,Mumbai,30472,76,36,5671,1461,0.18636355078481529,0,NO,High
8,BSNL,M,46,Arunachal Pradesh,Kolkata,104541,87,40,2245,1461,0.18633022324726886,0,NO,High
657,Reliance Jio,F,72,Chhattisgarh,Mumbai,77199,83,17,7577,1458,0.18631874107207258,0,NO,High
396,Airtel,M,26,Nagaland,Chennai,62316,12,38,1238,1460,0.18626329601664485,0,NO,High
655,Airtel,M,23,Meghalaya,Kolkata,121242,27,14,8519,1458,0.186209660603169,0,NO,High
24,Reliance Jio,F,71,Gujarat,Bangalore,110373,25,24,2533,1461,0.18619934222750417,0,NO,High
665,Vodafone,F,71,Mizoram,Kolkata,75785,80,37,9076,1458,0.18617546459679707,0,NO,High
151,Reliance Jio,M,21,Rajasthan,Delhi,125880,56,42,3559,1461,0.18609009194513615,0,NO,High
19,Airtel,F,47,Manipur,Delhi,138037,60,28,1432,1461,0.1860894026729141,0,NO,High
421,BSNL,M,40,Kerala,Hyderabad,96061,74,42,6074,1459,0.18608377753598615,0,NO,High
564,BSNL,M,36,Karnataka,Delhi,137796,57,4,4286,1459,0.18607604187728083,0,NO,High
736,Reliance Jio,F,38,Karnataka,Delhi,113651,38,37,2698,1458,0.18606687072104347,0,NO,High
457,BSNL,M,31,West Bengal,Mumbai,103809,78,14,2534,1459,0.18602093716303708,0,NO,High
182,Airtel,M,34,West Bengal,Bangalore,110008,68,19,4361,1461,0.18582782591891134,0,NO,High
3,Vodafone,F,57,Arunachal Pradesh,Delhi,148828,49,24,193,1461,0.18582191124640438,0,NO,High
996,BSNL,F,19,Tamil Nadu,Delhi,81532,29,36,3952,1457,0.1857659301804557,0,NO,High
44,Airtel,F,42,Gujarat,Bangalore,71532,75,16,2998,1461,0.18563959866058516,0,NO,High
330,Airtel,F,44,Gujarat,Mumbai,83967,44,43,2533,1460,0.1856296776290452,0,NO,High
128,BSNL,F,35,Uttar Pradesh,Hyderabad,22346,95,18,3927,1461,0.18562678312888684,0,NO,High
437,Reliance Jio,M,27,Mizoram,Kolkata,130020,84,13,0,1459,0.185616089481652,0,NO,High
154,Airtel,M,23,Haryana,Chennai,69382,85,19,0,1461,0.18556808424928156,0,NO,High
359,Airtel,M,40,Madhya Pradesh,Hyderabad,112603,3,41,1269,1460,0.18551126492323516,0,NO,High
374,Airtel,F,49,Jharkhand,Mumbai,35809,85,46,5392,1460,0.18550444603869193,0,NO,High
31,Vodafone,M,29,Chhattisgarh,Kolkata,86124,65,22,7592,1461,0.18549801919106326,0,NO,High
269,BSNL,F,73,Punjab,Bangalore,65791,61,28,4907,1460,0.18549345378222593,0,NO,High
49,Vodafone,F,26,Mizoram,Chennai,145508,88,51,8790,1461,0.1854678281004772,0,NO,High
291,Reliance Jio,M,18,Mizoram,Bangalore,72410,75,6,6299,1460,0.185458330065243,0,NO,High
500,Airtel,F,36,Sikkim,Delhi,147858,95,33,1601,1459,0.1854400171711652,0,NO,High
306,Vodafone,M,54,Gujarat,Bangalore,125090,77,35,4856,1460,0.18538073820087075,0,NO,High
479,Vodafone,F,69,Odisha,Delhi,129075,62,38,404,1459,0.18536678589810315,0,NO,High
67,Vodafone,F,53,Mizoram,Mumbai,138704,83,49,8023,1461,0.1853259475356629,0,NO,High
284,Airtel,M,57,Nagaland,Mumbai,118360,54,43,3670,1460,0.18532112339358936,0,NO,High
113,Reliance Jio,M,28,Bihar,Kolkata,54634,20,45,8572,1461,0.18528958459777328,0,NO,High
15,Vodafone,F,38,Uttar Pradesh,Delhi,147805,86,20,8058,1461,0.185266246499871,0,NO,High
702,Reliance Jio,M,64,Meghalaya,Mumbai,86197,18,48,2735,1458,0.18524506448666747,0,NO,High
917,Vodafone,F,48,Odisha,Chennai,111566,44,27,5508,1457,0.1852166528352798,0,NO,High
75,Airtel,M,61,Manipur,Kolkata,98314,78,29,1369,1461,0.18520616534153486,0,NO,High
485,Reliance Jio,M,30,Kerala,Delhi,68434,26,36,7190,1459,0.18508439745203992,0,NO,High
870,Airtel,F,29,Rajasthan,Chennai,66874,80,41,5298,1457,0.1850674810217599,0,NO,High
139,Airtel,F,66,Karnataka,Delhi,43605,81,33,6244,1461,0.18505723820051592,0,NO,High
554,Reliance Jio,F,25,Gujarat,Chennai,93852,102,46,229,1459,0.18495406808836495,0,NO,High
351,BSNL,M,51,Telangana,Kolkata,73942,73,3,8482,1460,0.1849221287804077,0,NO,High
56,Reliance Jio,M,43,Telangana,Mumbai,131771,92,27,3903,1461,0.184851267088842,0,NO,High
608,Vodafone,M,66,Andhra Pradesh,Kolkata,50606,94,38,1311,1458,0.1848098386888609,0,NO,High
373,Vodafone,M,31,Goa,Bangalore,132732,73,29,4584,1460,0.1847510571387031,0,NO,High
733,Vodafone,M,21,Andhra Pradesh,Bangalore,95828,31,39,4663,1458,0.18470269969409922,0,NO,High
316,Reliance Jio,F,71,Andhra Pradesh,Bangalore,41732,105,30,6536,1460,0.18464751542765032,0,NO,High
5,BSNL,F,26,Tripura,Delhi,55098,78,15,1393,1461,0.18464494953366667,0,NO,High
322,Vodafone,M,40,Uttarakhand,Hyderabad,48102,91,49,4223,1460,0.18447262459465502,0,NO,High
47,Vodafone,M,33,West Bengal,Chennai,115283,77,36,3491,1461,0.1844406821327712,0,NO,High
998,Vodafone,M,18,Odisha,Chennai,120764,49,42,6260,1457,0.18440828899300654,0,NO,High
427,BSNL,M,58,Manipur,Mumbai,100174,33,44,9654,1459,0.18438937679693546,0,NO,High
824,Reliance Jio,F,41,Gujarat,Hyderabad,98264,46,52,9726,1457,0.1843297351211595,0,NO,High
431,Airtel,M,70,Madhya Pradesh,Bangalore,44046,91,30,5356,1459,0.1842707518903254,0,NO,High
671,Airtel,M,54,Sikkim,Delhi,93101,48,39,10064,1458,0.1842672367505226,0,NO,High
649,Vodafone,M,45,Goa,Hyderabad,63082,41,42,9244,1458,0.1842567675615812,0,NO,High
317,BSNL,F,23,Gujarat,Hyderabad,111960,84,34,4752,1460,0.18422285812341554,0,NO,High
711,Airtel,M,32,Bihar,Bangalore,64800,43,9,6550,1458,0.18415384887807448,0,NO,High
226,Reliance Jio,M,31,Manipur,Kolkata,78215,65,5,74,1460,0.18414754754330073,0,NO,High
280,Airtel,F,73,Andhra Pradesh,Chennai,47621,99,15,844,1460,0.18412763237163732,0,NO,High
294,Reliance Jio,F,28,Jharkhand,Bangalore,83611,57,44,1725,1460,0.18407753023698822,0,NO,High
169,Airtel,M,55,Sikkim,Chennai,93934,85,4,5625,1461,0.18403339487770898,0,NO,High
448,BSNL,F,35,Himachal Pradesh,Hyderabad,99181,71,16,5914,1459,0.18400347380304563,0,NO,High
613,Airtel,M,43,Punjab,Hyderabad,68207,42,27,5841,1458,0.18399776804168827,0,NO,High
767,Reliance Jio,M,72,Bihar,Mumbai,135004,32,47,2642,1458,0.1839968371724168,0,NO,High
901,Airtel,M,41,Maharashtra,Mumbai,95919,69,25,0,1457,0.1839650456156656,0,NO,High
372,BSNL,F,23,Nagaland,Hyderabad,137564,-1,30,7553,1460,0.1839387842993592,0,NO,High
869,Vodafone,M,48,Manipur,Chennai,99757,53,41,8986,1457,0.1839318202753922,0,NO,High
575,BSNL,F,43,Himachal Pradesh,Chennai,118265,97,36,317,1459,0.18392302096560711,0,NO,High
362,Reliance Jio,M,26,Meghalaya,Mumbai,118266,40,19,4522,1460,0.18389301164509875,0,NO,High
896,Vodafone,M,29,Sikkim,Mumbai,112234,39,42,4935,1457,0.1838905923678172,0,NO,High
455,Airtel,M,57,Tamil Nadu,Chennai,48105,58,45,8920,1459,0.1838866327189352,0,NO,High
176,Vodafone,M,26,Himachal Pradesh,Hyderabad,47767,17,47,4537,1461,0.1838448241905528,0,NO,High
310,BSNL,M,18,Chhattisgarh,Delhi,94168,15,29,7737,1460,0.18383898781577823,0,NO,High
578,Reliance Jio,M,22,Maharashtra,Kolkata,94395,68,22,6082,1459,0.18374193005003694,0,NO,High
888,BSNL,M,39,Maharashtra,Kolkata,65582,92,38,1217,1457,0.18372611706575492,0,NO,High
504,Vodafone,M,65,Assam,Kolkata,115456,76,28,8412,1459,0.1837042922114195,0,NO,High
376,Vodafone,F,62,Himachal Pradesh,Kolkata,71276,50,17,4318,1460,0.18369803910580684,0,NO,High
122,Reliance Jio,M,23,Arunachal Pradesh,Mumbai,149464,73,22,5723,1461,0.18364425850188693,0,NO,High
580,BSNL,M,74,Arunachal Pradesh,Chennai,91138,62,42,3169,1459,0.1836398570394074,0,NO,High
72,Vodafone,F,31,Tamil Nadu,Chennai,54302,105,15,166,1461,0.1836058169494757,0,NO,High
78,Vodafone,M,24,Assam,Kolkata,86828,57,29,7743,1461,0.18356890440463144,0,NO,High
463,Airtel,M,53,Kerala,Hyderabad,51401,50,45,3211,1459,0.1835428212825112,0,NO,High
266,Airtel,M,25,Bihar,Delhi,39224,97,44,7861,1460,0.18352627910529032,0,NO,High
549,Airtel,F,31,Chhattisgarh,Hyderabad,79200,27,23,6919,1459,0.18347211605811872,0,NO,High
434,Airtel,M,58,Uttar Pradesh,Mumbai,123671,58,18,4666,1459,0.18346046485996778,0,NO,High
251,Reliance Jio,M,74,Tamil Nadu,Mumbai,135742,56,39,7323,1460,0.1834604364591731,0,NO,High
304,Vodafone,M,49,Punjab,Kolkata,72885,10,21,4018,1460,0.18341760435507642,0,NO,High
573,Vodafone,M,57,Rajasthan,Kolkata,126213,38,26,534,1459,0.18340067457938802,0,NO,High
99,Vodafone,F,40,Rajasthan,Chennai,54706,101,5,3771,1461,0.18335673244638387,0,NO,High
183,Vodafone,M,59,Maharashtra,Mumbai,113606,47,12,0,1461,0.18334305538885987,0,NO,High
14,Vodafone,F,70,Chhattisgarh,Kolkata,140219,50,17,7727,1461,0.1833197624791406,0,NO,High
97,BSNL,M,22,Uttar Pradesh,Delhi,145001,71,43,9224,1461,0.18328264742780329,0,NO,High
664,BSNL,M,73,Bihar,Bangalore,126677,77,5,7696,1458,0.1832758206469021,0,NO,High
85,Reliance Jio,M,31,Goa,Bangalore,92068,70,39,10269,1461,0.18322647728403504,0,NO,High
167,Vodafone,M,27,Assam,Mumbai,39965,102,18,4990,1461,0.18318312182281288,0,NO,High
663,Reliance Jio,F,68,Assam,Mumbai,136126,78,45,3104,1458,0.18314639670212865,0,NO,High
865,BSNL,F,60,Odisha,Chennai,48899,99,37,9649,1457,0.18312585425161274,0,NO,High
536,Vodafone,M,34,Arunachal Pradesh,Delhi,46038,88,22,2467,1459,0.18311866276463692,0,NO,High
57,BSNL,M,30,Kerala,Hyderabad,21510,70,38,1141,1461,0.18311236766376449,0,NO,High
999,Vodafone,M,64,Tripura,Delhi,95036,96,12,2262,1457,0.1830502467117847,0,NO,High
807,Vodafone,F,57,Bihar,Hyderabad,140578,41,28,4373,1457,0.18303325469987505,0,NO,High
511,BSNL,M,57,Telangana,Delhi,121325,46,43,6789,1459,0.1830328330604962,0,NO,High
450,BSNL,F,70,Uttarakhand,Bangalore,31918,56,41,7808,1459,0.18301159441880485,0,NO,High
477,Reliance Jio,M,21,Tamil Nadu,Hyderabad,144303,41,22,8709,1459,0.1829900380916174,0,NO,High
66,BSNL,F,47,Himachal Pradesh,Hyderabad,37927,42,31,6702,1461,0.18297059400478383,0,NO,High
153,Vodafone,F,22,Sikkim,Hyderabad,42843,34,44,4217,1461,0.18296257624192888,0,NO,High
417,BSNL,M,24,Meghalaya,Kolkata,122632,52,36,9297,1459,0.18296086428986838,0,NO,High
383,Airtel,M,56,Telangana,Chennai,62086,71,5,8838,1460,0.18286108039322774,0,NO,High
227,Airtel,M,29,Haryana,Hyderabad,86004,8,43,1102,1460,0.18279574610589647,0,NO,High
934,BSNL,F,71,Kerala,Mumbai,103223,63,10,2982,1457,0.18272783130523226,0,NO,High
149,BSNL,F,50,Himachal Pradesh,Kolkata,128273,29,11,711,1461,0.1826702318854311,0,NO,High
453,Vodafone,F,34,Telangana,Bangalore,82873,70,13,5460,1459,0.18261058508489916,0,NO,High
81,Vodafone,M,25,Mizoram,Bangalore,131010,27,42,8155,1461,0.1825888093785252,0,NO,High
114,Vodafone,M,65,Madhya Pradesh,Bangalore,102036,75,19,5169,1461,0.18254682591349994,0,NO,High
480,Reliance Jio,F,38,Odisha,Mumbai,104093,70,19,7216,1459,0.18253812535700747,0,NO,High
229,Airtel,M,30,Gujarat,Hyderabad,149438,78,9,737,1460,0.18251320576141822,0,NO,High
388,Vodafone,M,42,Mizoram,Bangalore,64219,44,24,8730,1460,0.18245110252395627,0,NO,High
20,Vodafone,M,26,Uttar Pradesh,Hyderabad,109753,95,-1,9993,1461,0.18239782185510012,0,NO,High
68,Vodafone,F,72,Punjab,Kolkata,124607,25,38,4867,1461,0.18236926736468986,0,NO,High
607,Vodafone,F,26,Goa,Delhi,82017,38,49,6397,1458,0.18234607785220838,0,NO,High
497,Vodafone,M,50,Mizoram,Kolkata,98282,51,13,3597,1459,0.18230112436809506,0,NO,High
142,Airtel,M,65,Jharkhand,Kolkata,106064,60,27,5329,1461,0.1822926882671614,0,NO,High
848,BSNL,M,55,Meghalaya,Delhi,74653,90,34,10455,1457,0.18228263334341357,0,NO,High
233,Vodafone,M,58,Chhattisgarh,Bangalore,50540,73,23,2200,1460,0.1822776263272827,0,NO,High
442,Vodafone,M,18,Sikkim,Kolkata,110074,54,15,9673,1459,0.18224493116342208,0,NO,High
194,Airtel,M,30,Uttar Pradesh,Chennai,120001,65,11,6249,1461,0.1822214410247605,0,NO,High
654,BSNL,M,40,West Bengal,Hyderabad,133295,12,49,2420,1458,0.18221432437764412,0,NO,High
698,Reliance Jio,M,44,Assam,Kolkata,119942,60,18,3019,1458,0.1822040450576042,0,NO,High
475,Airtel,M,41,Uttar Pradesh,Kolkata,66714,73,3,4083,1459,0.18219221936729393,0,NO,High
728,Reliance Jio,M,51,Chhattisgarh,Bangalore,118620,23,22,6048,1458,0.18216077118734836,0,NO,High
805,Reliance Jio,M,20,Haryana,Mumbai,112448,32,2,8277,1457,0.18209847258327244,0,NO,High
894,Vodafone,M,31,Himachal Pradesh,Bangalore,91172,103,42,9162,1457,0.18206592307988642,0,NO,High
320,Vodafone,M,20,Haryana,Delhi,53713,104,10,5950,1460,0.18206397178904282,0,NO,High
425,Vodafone,M,22,Punjab,Chennai,116212,48,30,10274,1459,0.18200662780604457,0,NO,High
255,Vodafone,F,29,Bihar,Hyderabad,114515,75,21,5707,1460,0.1819628271226038,0,NO,High
223,Vodafone,M,28,Mizoram,Mumbai,85780,33,17,6230,1460,0.18192369705097883,0,NO,High
296,BSNL,F,49,West Bengal,Delhi,121486,27,26,3744,1460,0.18185250797715732,0,NO,High
813,Airtel,M,46,Chhattisgarh,Mumbai,99344,73,50,9064,1457,0.18185023579323764,0,NO,High
246,Reliance Jio,M,42,Telangana,Kolkata,101163,107,11,6496,1460,0.18180414688367588,0,NO,High
559,Airtel,F,43,Assam,Hyderabad,52872,36,33,10194,1459,0.18178789073511029,0,NO,High
12,Airtel,M,56,Odisha,Mumbai,135129,39,51,7644,1461,0.18177441568071534,0,NO,High
596,BSNL,F,24,Andhra Pradesh,Chennai,93611,35,20,4626,1459,0.18177385385686629,0,NO,High
439,Vodafone,F,60,Sikkim,Bangalore,105193,6,20,938,1459,0.18175181627190115,0,NO,High
63,BSNL,F,25,Mizoram,Hyderabad,119513,33,19,6143,1461,0.18171061450219073,0,NO,High
451,BSNL,M,20,Assam,Mumbai,59533,39,24,9071,1459,0.18167597102713706,0,NO,High
899,BSNL,M,47,Mizoram,Mumbai,137297,64,48,2764,1457,0.18165137588627744,0,NO,High
874,BSNL,F,47,Assam,Delhi,40200,76,44,9412,1457,0.18164683264390022,0,NO,High
812,Vodafone,M,72,Arunachal Pradesh,Delhi,91311,91,18,2776,1457,0.1816350348286696,0,NO,High
837,Vodafone,M,30,Tripura,Mumbai,84343,37,16,8498,1457,0.18161442129784072,0,NO,High
667,Airtel,F,60,Tamil Nadu,Delhi,45328,64,35,992,1458,0.18156847933168624,0,NO,High
40,BSNL,F,26,Sikkim,Mumbai,104164,62,39,8305,1461,0.18147850130203885,0,NO,High
788,BSNL,M,71,Goa,Mumbai,72376,62,10,4494,1458,0.1814718988397689,0,NO,High
159,Reliance Jio,M,38,Karnataka,Mumbai,140257,93,40,156,1461,0.18143814909190412,0,NO,High
126,Airtel,M,39,Mizoram,Kolkata,33619,25,52,3001,1461,0.18137462609936492,0,NO,High
242,Reliance Jio,F,22,Uttarakhand,Kolkata,47542,51,48,0,1460,0.18135734295956105,0,NO,High
636,Vodafone,F,28,Sikkim,Chennai,106904,29,48,4037,1458,0.18131323807870073,0,NO,High
65,Vodafone,F,44,Mizoram,Kolkata,95271,40,9,2542,1461,0.18118818052249983,0,NO,High
560,Vodafone,F,62,Mizoram,Mumbai,140114,52,29,8713,1459,0.18115304597984225,0,NO,High
197,Airtel,F,73,Karnataka,Chennai,122350,49,35,6638,1461,0.18111518706483537,0,NO,High
645,Airtel,M,65,Telangana,Kolkata,82424,64,2,8611,1458,0.1811101149953354,0,NO,High
459,Vodafone,F,71,Haryana,Chennai,122184,60,44,9649,1459,0.18105147228032825,0,NO,High
22,Vodafone,M,66,West Bengal,Bangalore,64468,57,10,8141,1461,0.1809114313925997,0,NO,High
972,BSNL,M,70,Madhya Pradesh,Bangalore,127557,61,32,1355,1457,0.1808480634673498,0,NO,High
230,BSNL,M,20,Punjab,Hyderabad,128667,82,29,1937,1460,0.18084266831524332,0,NO,High
533,BSNL,M,21,Kerala,Kolkata,71536,47,5,1818,1459,0.18083399455668117,0,NO,High
4,BSNL,M,46,Tamil Nadu,Kolkata,38722,80,25,9377,1461,0.18083328282454222,0,NO,High
626,Reliance Jio,F,38,Andhra Pradesh,Delhi,93879,30,30,2102,1458,0.18081041669991182,0,NO,High
392,BSNL,M,20,Arunachal Pradesh,Mumbai,33588,86,29,5702,1460,0.18080147878754124,0,NO,High
525,Reliance Jio,M,67,Goa,Mumbai,38264,96,44,143,1459,0.18080132312401814,0,NO,High
288,BSNL,F,66,Punjab,Mumbai,50103,50,31,2679,1460,0.18079683935558818,0,NO,High
712,Reliance Jio,F,74,Sikkim,Chennai,137261,72,25,5148,1458,0.18079328948888243,0,NO,High
271,Reliance Jio,F,36,Haryana,Hyderabad,112741,53,24,3480,1460,0.18077291120927094,0,NO,High
764,Airtel,M,25,Tripura,Chennai,55138,36,9,10799,1458,0.18075186139313124,0,NO,High
222,Reliance Jio,F,41,Arunachal Pradesh,Chennai,143064,19,13,4788,1460,0.18067362880197485,0,NO,High
200,Reliance Jio,F,48,Manipur,Kolkata,114548,27,20,1075,1461,0.1806673853976103,0,NO,High
157,Vodafone,F,72,Meghalaya,Bangalore,62577,13,24,5525,1461,0.1806659629131886,0,NO,High
336,Reliance Jio,F,70,Tamil Nadu,Hyderabad,42657,81,29,1563,1460,0.18065344742022477,0,NO,High
521,Airtel,M,65,Telangana,Kolkata,144521,85,7,2500,1459,0.18050966373331923,0,NO,High
357,Vodafone,F,31,Goa,Kolkata,93415,44,10,2612,1460,0.18050816358206995,0,NO,High
968,Airtel,M,64,Jharkhand,Kolkata,140672,55,4,7053,1457,0.18047842129392344,0,NO,High
108,Airtel,F,30,Punjab,Delhi,93546,13,26,0,1461,0.18045124324822942,0,NO,High
156,Reliance Jio,M,23,Karnataka,Bangalore,27209,85,49,2101,1461,0.18043545827512683,0,NO,High
95,BSNL,M,42,Uttarakhand,Hyderabad,23948,29,43,359,1461,0.1804233829791444,0,NO,High
17,Vodafone,M,61,Himachal Pradesh,Hyderabad,59723,16,42,8157,1461,0.18034711639362908,0,NO,High
623,Vodafone,M,43,Assam,Delhi,118919,39,3,2520,1458,0.18030323324223185,0,NO,High
499,BSNL,F,34,West Bengal,Kolkata,29776,60,51,4800,1459,0.18021231965344772,0,NO,High
261,BSNL,M,32,Jharkhand,Hyderabad,26934,105,20,3976,1460,0.1802014135389162,0,NO,High
132,Vodafone,M,35,Haryana,Mumbai,91207,43,31,7942,1461,0.1801951052007648,0,NO,High
753,Vodafone,M,40,Bihar,Mumbai,72961,38,37,6345,1458,0.18013980537183488,0,NO,High
239,Reliance Jio,M,66,Tamil Nadu,Mumbai,38426,88,25,9296,1460,0.18013734965278694,0,NO,High
412,Airtel,F,18,Manipur,Chennai,64552,32,10,8699,1459,0.18003069949162456,0,NO,High
137,BSNL,M,19,Haryana,Bangalore,21407,85,21,5561,1461,0.1800090952077993,0,NO,High
809,Airtel,F,42,West Bengal,Kolkata,109661,75,27,6090,1457,0.1799237107143291,0,NO,High
615,Vodafone,M,27,Rajasthan,Mumbai,64387,29,36,5642,1458,0.17989747215979396,0,NO,High
866,Airtel,F,67,Odisha,Hyderabad,109760,72,37,5884,1457,0.17985742678647437,0,NO,High
496,Vodafone,M,38,Mizoram,Hyderabad,132783,71,49,10229,1459,0.1797314923250345,0,NO,High
505,Vodafone,M,68,Sikkim,Kolkata,102265,25,46,9077,1459,0.17970508672069888,0,NO,High
112,BSNL,F,24,Nagaland,Mumbai,22814,96,30,9049,1461,0.1796941237075407,0,NO,High
646,Reliance Jio,M,31,Uttar Pradesh,Bangalore,74050,35,32,784,1458,0.1796776842751827,0,NO,High
273,Airtel,F,60,Chhattisgarh,Bangalore,104425,36,35,8129,1460,0.17956466704773869,0,NO,High
821,Reliance Jio,M,37,Uttar Pradesh,Delhi,110631,42,20,10252,1457,0.17954857628639379,0,NO,High
73,BSNL,F,43,Uttarakhand,Delhi,101224,33,44,0,1461,0.17950298773943965,0,NO,High
799,BSNL,M,42,Mizoram,Kolkata,106251,50,20,6009,1458,0.1794630748448818,0,NO,High
735,Reliance Jio,M,62,Nagaland,Chennai,105951,107,10,2205,1458,0.1794613200093235,0,NO,High
942,Airtel,M,67,West Bengal,Bangalore,90391,20,34,947,1457,0.1794381862953704,0,NO,High
299,Vodafone,M,73,Himachal Pradesh,Delhi,84961,54,16,5320,1460,0.17942282137424623,0,NO,High
432,Airtel,M,26,Telangana,Delhi,49917,84,16,8639,1459,0.17941579997736018,0,NO,High
991,Reliance Jio,M,44,Karnataka,Kolkata,29390,86,46,8080,1457,0.1793349343685936,0,NO,High
879,Airtel,F,37,Madhya Pradesh,Chennai,61196,48,17,8882,1457,0.17933387523358701,0,NO,High
174,BSNL,F,53,Punjab,Delhi,118459,60,21,9746,1461,0.17931686074779724,0,NO,High
990,Airtel,M,25,Telangana,Delhi,116561,24,42,8085,1457,0.17928189728874436,0,NO,High
145,Airtel,F,43,Manipur,Chennai,121818,43,27,7217,1461,0.17927911302607155,0,NO,High
254,Airtel,M,31,Maharashtra,Bangalore,146742,10,14,7102,1460,0.17926977649498174,0,NO,High
893,Vodafone,M,19,Gujarat,Chennai,117770,49,15,5199,1457,0.1792697220797901,0,NO,High
335,Airtel,F,73,West Bengal,Kolkata,81795,80,9,328,1460,0.17920236897403527,0,NO,High
969,BSNL,M,40,Nagaland,Delhi,100573,70,12,6712,1457,0.17919347471733735,0,NO,High
404,BSNL,F,26,Bihar,Chennai,67441,40,10,8583,1459,0.17916544846205398,0,NO,High
914,BSNL,M,27,Mizoram,Delhi,124104,96,47,10318,1457,0.17916099270704366,0,NO,High
784,Airtel,M,66,Kerala,Kolkata,73268,14,40,8704,1458,0.17913254975832066,0,NO,High
625,Vodafone,F,49,Haryana,Chennai,63554,37,27,6627,1458,0.17911745217994424,0,NO,High
647,BSNL,F,22,Gujarat,Hyderabad,111956,89,17,7155,1458,0.17910648517519723,0,NO,High
370,Vodafone,F,60,Assam,Bangalore,43179,89,17,5521,1460,0.1790976726953685,0,NO,High
98,Reliance Jio,M,32,Uttar Pradesh,Kolkata,108307,14,35,1889,1461,0.1790869171022934,0,NO,High
962,Reliance Jio,M,46,Bihar,Delhi,102027,53,36,7632,1457,0.17904070339023173,0,NO,High
884,Reliance Jio,F,34,Manipur,Mumbai,95804,61,32,7281,1457,0.17901006453859844,0,NO,High
329,Reliance Jio,F,33,Tripura,Bangalore,142201,32,43,8262,1460,0.178980805393367,0,NO,High
400,Airtel,M,67,Nagaland,Hyderabad,29790,21,42,730,1460,0.17890165476538486,0,NO,High
420,Vodafone,M,49,Tamil Nadu,Chennai,20908,53,48,555,1459,0.17887955502952538,0,NO,High
238,Airtel,F,35,Tamil Nadu,Kolkata,28168,103,20,10155,1460,0.1787015719373843,0,NO,High
739,Reliance Jio,F,35,Andhra Pradesh,Bangalore,133515,45,51,6199,1458,0.17869249920893143,0,NO,High
827,BSNL,F,73,Himachal Pradesh,Hyderabad,54833,80,18,5081,1457,0.1786732409983882,0,NO,High
292,Reliance Jio,M,20,Andhra Pradesh,Bangalore,70189,57,5,2937,1460,0.17864168707775763,0,NO,High
402,Airtel,M,44,Sikkim,Bangalore,30124,61,37,2316,1459,0.178640838794058,0,NO,High
715,BSNL,F,29,Uttarakhand,Delhi,50737,85,46,2072,1458,0.17862612420706014,0,NO,High
173,Reliance Jio,M,18,Tamil Nadu,Kolkata,100163,12,40,722,1461,0.17859887144592632,0,NO,High
399,Reliance Jio,F,72,Tamil Nadu,Chennai,146043,36,13,2179,1460,0.17845265448851155,0,NO,High
597,Airtel,F,21,Nagaland,Delhi,75823,73,33,2541,1459,0.17845221660884755,0,NO,High
224,Vodafone,F,32,Karnataka,Delhi,76706,55,12,2210,1460,0.17844894990657945,0,NO,High
37,BSNL,M,73,Andhra Pradesh,Bangalore,40437,77,6,4239,1461,0.178442427215254,0,NO,High
115,Vodafone,F,60,Nagaland,Chennai,29859,25,26,3163,1461,0.17844225210388184,0,NO,High
582,Vodafone,M,33,Mizoram,Mumbai,26162,93,31,7525,1459,0.1783822257676381,0,NO,High
778,Vodafone,M,45,West Bengal,Mumbai,83460,101,14,3628,1458,0.17831612302394328,0,NO,High
978,Airtel,F,19,Haryana,Kolkata,127590,17,45,738,1457,0.17831164495398205,0,NO,High
32,Airtel,M,73,Gujarat,Chennai,61329,25,29,1479,1461,0.17826596113605728,0,NO,High
277,Reliance Jio,M,63,Jharkhand,Mumbai,112865,67,14,3488,1460,0.17824745300271358,0,NO,High
855,BSNL,F,27,Tamil Nadu,Kolkata,100981,31,15,4750,1457,0.1781200952748114,0,NO,High
41,Reliance Jio,M,26,Madhya Pradesh,Hyderabad,71542,16,27,1660,1461,0.17807510161752377,0,NO,High
858,BSNL,F,63,Uttar Pradesh,Kolkata,43973,79,22,6815,1457,0.17803782194406528,0,NO,High
443,BSNL,F,24,Assam,Kolkata,97497,57,23,4268,1459,0.1779982998836132,0,NO,Medium
814,Airtel,M,28,Odisha,Hyderabad,89950,31,36,9595,1457,0.1779753765929669,0,NO,Medium
406,BSNL,F,74,West Bengal,Mumbai,131294,94,19,7892,1459,0.17795772178132116,0,NO,Medium
84,Reliance Jio,F,22,Assam,Hyderabad,47235,102,-1,7785,1461,0.17790493830885368,0,NO,Medium
481,Airtel,M,20,Haryana,Hyderabad,52519,89,27,14,1459,0.17788161630410462,0,NO,Medium
984,Reliance Jio,M,40,West Bengal,Hyderabad,49677,39,36,7924,1457,0.17787004714914914,0,NO,Medium
356,BSNL,M,25,Madhya Pradesh,Chennai,76568,16,28,5449,1460,0.17786505472627598,0,NO,Medium
804,Vodafone,M,37,Maharashtra,Kolkata,139880,92,52,9330,1457,0.17785778516142978,0,NO,Medium
816,Vodafone,F,52,Gujarat,Delhi,84680,61,12,4497,1457,0.17782188727574744,0,NO,Medium
33,BSNL,F,66,Telangana,Mumbai,104227,93,6,837,1461,0.17780420364275037,0,NO,Medium
787,Airtel,F,22,Bihar,Chennai,132617,16,33,6053,1458,0.1777976637038907,0,NO,Medium
79,Reliance Jio,M,61,Jharkhand,Chennai,43619,39,35,9625,1461,0.17775225399076006,0,NO,Medium
635,Reliance Jio,M,73,Karnataka,Chennai,69493,56,8,2341,1458,0.1777516166581334,0,NO,Medium
77,BSNL,M,44,Mizoram,Bangalore,147453,20,35,5049,1461,0.1777395687450539,0,NO,Medium
312,Reliance Jio,M,64,Uttarakhand,Bangalore,126417,76,5,3422,1460,0.17771645172062056,0,NO,Medium
637,Airtel,M,18,Chhattisgarh,Chennai,89736,62,16,3496,1458,0.1777051463424685,0,NO,Medium
1,Reliance Jio,F,25,Karnataka,Kolkata,124962,44,45,0,1461,0.17766427696281548,0,NO,Medium
279,Vodafone,M,24,Assam,Hyderabad,147010,78,41,1352,1460,0.17761165468615453,0,NO,Medium
957,BSNL,M,26,Telangana,Chennai,95878,29,3,7460,1457,0.1775892519814435,0,NO,Medium
701,BSNL,M,20,Madhya Pradesh,Delhi,29437,90,47,8867,1458,0.1775760933019136,0,NO,Medium
757,Reliance Jio,F,48,Kerala,Delhi,41354,56,19,10426,1458,0.17756430219544062,0,NO,Medium
512,Vodafone,F,26,Mizoram,Hyderabad,39520,86,29,9446,1459,0.17756359331165397,0,NO,Medium
147,Vodafone,M,44,Himachal Pradesh,Hyderabad,59042,15,34,4801,1461,0.17754084819443244,0,NO,Medium
458,Reliance Jio,M,25,Tamil Nadu,Bangalore,120797,18,19,4984,1459,0.1775399181005592,0,NO,Medium
716,Reliance Jio,M,25,Madhya Pradesh,Hyderabad,36525,93,28,4312,1458,0.1775277171840874,0,NO,Medium
445,Reliance Jio,M,65,Maharashtra,Mumbai,83949,63,12,6320,1459,0.1775077912158925,0,NO,Medium
638,BSNL,M,38,Telangana,Kolkata,100447,14,9,3950,1458,0.17750425741217815,0,NO,Medium
441,Vodafone,M,73,Chhattisgarh,Chennai,75484,55,10,9357,1459,0.1774864765798446,0,NO,Medium
413,BSNL,F,31,Punjab,Hyderabad,129021,70,45,550,1459,0.1774798416466821,0,NO,Medium
918,Airtel,F,60,Arunachal Pradesh,Kolkata,142086,32,38,2252,1457,0.17747756988914787,0,NO,Medium
921,Vodafone,F,62,Manipur,Hyderabad,66136,15,40,5099,1457,0.17738172029828228,0,NO,Medium
109,Vodafone,M,27,Karnataka,Chennai,104285,52,25,1868,1461,0.17736274689302545,0,NO,Medium
603,Airtel,M,60,Himachal Pradesh,Mumbai,143361,29,49,5951,1458,0.1773349919124127,0,NO,Medium
414,Vodafone,M,28,Punjab,Bangalore,72116,20,28,7987,1459,0.17732607891204236,0,NO,Medium
881,Reliance Jio,M,51,Madhya Pradesh,Delhi,70204,28,28,5726,1457,0.17732180459932065,0,NO,Medium
379,BSNL,F,31,Mizoram,Delhi,48070,59,20,7556,1460,0.17729409736170998,0,NO,Medium
829,Reliance Jio,M,69,Assam,Chennai,143268,16,39,2346,1457,0.17728314313125582,0,NO,Medium
981,Reliance Jio,F,37,West Bengal,Mumbai,91652,97,41,3814,1457,0.17726861601378616,0,NO,Medium
88,Airtel,F,33,Himachal Pradesh,Kolkata,122987,78,4,0,1461,0.17725945134828805,0,NO,Medium
836,Vodafone,M,39,Maharashtra,Kolkata,112135,52,34,6551,1457,0.17722918652472663,0,NO,Medium
555,BSNL,F,44,Tamil Nadu,Hyderabad,94041,64,27,4462,1459,0.1771800195599041,0,NO,Medium
863,Vodafone,M,66,Haryana,Kolkata,88864,30,38,3411,1457,0.17713310332919757,0,NO,Medium
201,Vodafone,M,67,Gujarat,Delhi,41206,22,44,8467,1460,0.1771209374027052,0,NO,Medium
885,Reliance Jio,M,35,Uttarakhand,Delhi,95319,63,-3,2339,1457,0.17705790129828888,0,NO,Medium
915,Airtel,M,30,Arunachal Pradesh,Delhi,132757,62,9,8239,1457,0.17693636503171584,0,NO,Medium
793,BSNL,F,24,Rajasthan,Kolkata,135675,72,33,4531,1458,0.17692089924254842,0,NO,Medium
9,Reliance Jio,F,53,Himachal Pradesh,Mumbai,79439,34,12,10039,1461,0.17687582160537593,0,NO,Medium
123,Vodafone,M,55,Kerala,Bangalore,126483,32,28,6919,1461,0.17686600830748006,0,NO,Medium
817,Reliance Jio,M,43,Assam,Kolkata,91095,37,42,7137,1457,0.1768646330102465,0,NO,Medium
599,BSNL,M,58,Nagaland,Chennai,94614,14,28,6873,1459,0.17684092249387104,0,NO,Medium
540,Airtel,M,26,Arunachal Pradesh,Chennai,59908,54,17,1720,1459,0.17682455433140398,0,NO,Medium
985,BSNL,F,27,Odisha,Mumbai,105165,67,42,9388,1457,0.17680923837910245,0,NO,Medium
124,Vodafone,F,64,Odisha,Mumbai,32570,53,25,6534,1461,0.17680116771227744,0,NO,Medium
988,Reliance Jio,F,59,Arunachal Pradesh,Bangalore,66046,16,48,9546,1457,0.17679929824908297,0,NO,Medium
543,Airtel,M,46,Manipur,Hyderabad,49828,63,27,8299,1459,0.17679448798923475,0,NO,Medium
541,Reliance Jio,F,21,Gujarat,Chennai,47598,66,18,671,1459,0.17678845836106058,0,NO,Medium
216,Airtel,M,52,Tamil Nadu,Mumbai,41115,11,43,3439,1460,0.17676595643944734,0,NO,Medium
693,Reliance Jio,M,65,Uttar Pradesh,Mumbai,22886,29,47,4431,1458,0.17673687752701936,0,NO,Medium
750,Reliance Jio,M,41,Himachal Pradesh,Chennai,60822,40,28,5275,1458,0.17672212966424125,0,NO,Medium
184,Reliance Jio,F,36,Telangana,Mumbai,65770,26,19,8990,1461,0.1767208649264746,0,NO,Medium
930,BSNL,M,26,Karnataka,Kolkata,142365,46,33,8010,1457,0.17672029172939388,0,NO,Medium
669,Vodafone,F,65,Maharashtra,Bangalore,108372,39,29,5368,1458,0.17671399461283577,0,NO,Medium
297,Airtel,F,23,Tripura,Kolkata,122360,32,9,5429,1460,0.17668580100891257,0,NO,Medium
660,Airtel,M,40,Himachal Pradesh,Mumbai,36279,88,34,6031,1458,0.17668450416077056,0,NO,Medium
653,Reliance Jio,M,19,Karnataka,Bangalore,119249,42,32,3228,1458,0.17667206842344096,0,NO,Medium
482,Vodafone,M,23,Nagaland,Delhi,47223,73,26,5490,1459,0.1766659734115001,0,NO,Medium
519,Reliance Jio,M,72,Jharkhand,Delhi,41911,40,35,5262,1459,0.17666084282237532,0,NO,Medium
995,Airtel,M,22,Odisha,Bangalore,48101,70,17,9308,1457,0.17666051561922827,0,NO,Medium
58,Vodafone,F,59,Arunachal Pradesh,Kolkata,54488,20,17,9285,1461,0.17665197644930122,0,NO,Medium
797,Airtel,F,57,Andhra Pradesh,Hyderabad,101994,25,11,123,1458,0.17658420940997965,0,NO,Medium
634,Reliance Jio,F,71,Rajasthan,Chennai,40123,50,32,9877,1458,0.1765742205230633,0,NO,Medium
631,Airtel,F,33,Goa,Mumbai,141161,34,42,1931,1458,0.17656773217600796,0,NO,Medium
205,Vodafone,M,55,Himachal Pradesh,Hyderabad,42952,17,43,1848,1460,0.17654524328839727,0,NO,Medium
409,Reliance Jio,F,26,Andhra Pradesh,Chennai,45407,51,36,2185,1459,0.17654332231237055,0,NO,Medium
862,Vodafone,M,56,Tripura,Hyderabad,80921,9,49,2654,1457,0.1764857749224861,0,NO,Medium
267,Vodafone,M,73,Nagaland,Bangalore,137334,38,14,967,1460,0.17648450037802615,0,NO,Medium
650,Vodafone,F,24,Karnataka,Mumbai,27260,65,45,2415,1458,0.17648054687946568,0,NO,Medium
466,BSNL,M,25,Bihar,Delhi,149940,72,7,893,1459,0.17647806340474995,0,NO,Medium
141,BSNL,M,48,Bihar,Chennai,145661,25,37,4236,1461,0.17645361776742907,0,NO,Medium
364,BSNL,F,35,Tamil Nadu,Chennai,92677,9,28,6876,1460,0.17645120177295628,0,NO,Medium
217,Vodafone,F,43,Manipur,Delhi,69505,-1,12,5243,1460,0.17644927224216428,0,NO,Medium
902,Vodafone,M,32,Telangana,Hyderabad,125227,15,0,6637,1457,0.17633614007137732,0,NO,Medium
630,Airtel,M,31,Andhra Pradesh,Mumbai,36384,83,22,7107,1458,0.1763181626978395,0,NO,Medium
975,BSNL,F,63,Goa,Bangalore,119501,55,35,6743,1457,0.17628344323478834,0,NO,Medium
206,Reliance Jio,F,21,Arunachal Pradesh,Bangalore,45341,45,34,2067,1460,0.1761935536701068,0,NO,Medium
220,Vodafone,M,74,Himachal Pradesh,Chennai,125262,42,12,3329,1460,0.17610935092016594,0,NO,Medium
358,Vodafone,F,26,Manipur,Chennai,104369,31,32,9497,1460,0.17608446769320052,0,NO,Medium
311,Vodafone,M,19,Assam,Chennai,30544,50,30,1477,1460,0.17603104352882662,0,NO,Medium
911,BSNL,M,23,Assam,Chennai,125444,65,49,3004,1457,0.17599025574872632,0,NO,Medium
761,Reliance Jio,M,54,Manipur,Bangalore,54739,60,14,0,1458,0.1758795714527893,0,NO,Medium
487,BSNL,F,39,Kerala,Hyderabad,99279,38,30,6893,1459,0.17579546274665395,0,NO,Medium
465,Reliance Jio,M,71,Uttarakhand,Bangalore,147464,52,12,4259,1459,0.17578727380301418,0,NO,Medium
488,Vodafone,F,63,Tamil Nadu,Chennai,101526,35,24,1610,1459,0.1757798216378226,0,NO,Medium
134,Reliance Jio,M,37,Odisha,Bangalore,64145,10,26,0,1461,0.17577768297874316,0,NO,Medium
198,Reliance Jio,F,25,Tripura,Kolkata,25329,38,9,3095,1461,0.1756986145013424,0,NO,Medium
806,Reliance Jio,M,32,Madhya Pradesh,Kolkata,28514,86,16,6101,1457,0.1756793697654046,0,NO,Medium
328,Reliance Jio,M,47,Manipur,Delhi,42454,58,8,8520,1460,0.17567780469328967,0,NO,Medium
602,BSNL,F,31,Andhra Pradesh,Delhi,87962,19,6,799,1458,0.1756750946476459,0,NO,Medium
213,BSNL,M,42,Maharashtra,Bangalore,112535,-9,21,9798,1460,0.17565845868315136,0,NO,Medium
158,Airtel,F,47,Bihar,Hyderabad,126629,18,46,8353,1461,0.17564869427205138,0,NO,Medium
92,BSNL,F,22,Uttarakhand,Bangalore,118100,25,5,1467,1461,0.17562388140664417,0,NO,Medium
446,Vodafone,F,41,Karnataka,Kolkata,91019,60,6,1785,1459,0.17561706260282042,0,NO,Medium
62,Reliance Jio,F,71,Uttarakhand,Hyderabad,136576,14,48,5372,1461,0.17559047415859383,0,NO,Medium
490,Airtel,M,21,Andhra Pradesh,Hyderabad,127871,-8,24,7947,1459,0.17554597134270764,0,NO,Medium
798,Airtel,M,55,Himachal Pradesh,Hyderabad,129608,-7,49,387,1458,0.17554254298982613,0,NO,Medium
584,Reliance Jio,M,73,Uttar Pradesh,Chennai,115459,10,42,2708,1459,0.175503213409904,0,NO,Medium
50,Vodafone,F,40,Sikkim,Hyderabad,102431,56,12,754,1461,0.17547445047766544,0,NO,Medium
538,BSNL,M,22,Himachal Pradesh,Delhi,49860,50,33,1948,1459,0.1754616664146032,0,NO,Medium
743,Airtel,F,30,Rajasthan,Bangalore,116296,61,46,1193,1458,0.17542317297407328,0,NO,Medium
11,Airtel,M,44,Uttarakhand,Chennai,133288,7,7,1275,1461,0.17540470555682547,0,NO,Medium
523,Reliance Jio,M,29,West Bengal,Kolkata,127353,102,24,46,1459,0.17540036950975174,0,NO,Medium
469,BSNL,M,63,Sikkim,Hyderabad,66128,17,29,2183,1459,0.17526816299617484,0,NO,Medium
175,Reliance Jio,M,29,Kerala,Delhi,122685,76,19,1813,1461,0.17525323381600444,0,NO,Medium
293,BSNL,M,44,Andhra Pradesh,Kolkata,40046,67,26,2018,1460,0.17524416970032564,0,NO,Medium
931,Vodafone,F,41,Jharkhand,Hyderabad,101946,60,39,9254,1457,0.17521962674705507,0,NO,Medium
679,Airtel,M,55,Tamil Nadu,Bangalore,27294,95,32,1797,1458,0.17521582316984452,0,NO,Medium
850,Vodafone,M,63,Himachal Pradesh,Kolkata,45441,42,37,7746,1457,0.17519222028245193,0,NO,Medium
426,BSNL,M,58,Kerala,Chennai,96999,26,31,328,1459,0.17514432212648703,0,NO,Medium
476,Airtel,F,61,Tripura,Chennai,149571,5,43,617,1459,0.1751255998075445,0,NO,Medium
941,Airtel,M,33,Arunachal Pradesh,Kolkata,61042,30,18,5649,1457,0.17509376715029246,0,NO,Medium
775,Reliance Jio,M,61,Gujarat,Kolkata,32210,65,25,7277,1458,0.17509311505369413,0,NO,Medium
29,Airtel,M,64,Gujarat,Kolkata,103868,20,39,8314,1461,0.17509229271246698,0,NO,Medium
579,Reliance Jio,M,54,Bihar,Delhi,22573,49,34,2975,1459,0.17506414051286356,0,NO,Medium
577,Airtel,M,51,Chhattisgarh,Mumbai,26780,52,33,7360,1459,0.17500903774907228,0,NO,Medium
305,BSNL,F,46,Assam,Mumbai,125247,52,20,6976,1460,0.17498161009233856,0,NO,Medium
416,BSNL,F,28,Arunachal Pradesh,Kolkata,59589,69,9,2024,1459,0.17498047269904474,0,NO,Medium
830,Reliance Jio,F,51,Telangana,Delhi,53548,26,40,3230,1457,0.1749720366661345,0,NO,Medium
770,BSNL,M,73,Jharkhand,Kolkata,117872,16,39,3981,1458,0.1748997497290525,0,NO,Medium
460,Airtel,M,59,Haryana,Hyderabad,48487,44,14,7117,1459,0.17486600109419909,0,NO,Medium
162,Airtel,F,27,Goa,Mumbai,36886,89,11,168,1461,0.17483303034797543,0,NO,Medium
53,Reliance Jio,M,28,Madhya Pradesh,Mumbai,87586,31,19,10131,1461,0.17477811898033035,0,NO,Medium
595,Airtel,M,59,Arunachal Pradesh,Bangalore,43333,33,24,8435,1459,0.1747658373524166,0,NO,Medium
285,BSNL,M,23,Gujarat,Mumbai,103474,4,48,2846,1460,0.1747303377862725,0,NO,Medium
363,Vodafone,M,60,Bihar,Mumbai,67099,24,13,5979,1460,0.1746821758583522,0,NO,Medium
501,BSNL,F,55,Manipur,Bangalore,33928,51,12,4030,1459,0.17467744699644797,0,NO,Medium
876,Vodafone,M,31,Himachal Pradesh,Hyderabad,104108,18,28,5561,1457,0.17466267624151866,0,NO,Medium
689,BSNL,M,32,Uttar Pradesh,Hyderabad,79797,45,4,7037,1458,0.17463694243358055,0,NO,Medium
851,Reliance Jio,M,25,Arunachal Pradesh,Mumbai,38802,80,23,10273,1457,0.17463294318830658,0,NO,Medium
209,Reliance Jio,M,44,Punjab,Delhi,33029,37,34,1516,1460,0.17461894619968865,0,NO,Medium
272,Vodafone,F,18,Madhya Pradesh,Mumbai,127991,6,42,1171,1460,0.17461410341118921,0,NO,Medium
697,Reliance Jio,F,53,Arunachal Pradesh,Mumbai,44839,30,29,515,1458,0.17461082882753765,0,NO,Medium
585,Vodafone,F,22,Gujarat,Chennai,36184,60,29,5697,1459,0.17458935631628225,0,NO,Medium
361,Airtel,F,27,Odisha,Hyderabad,107068,71,4,8938,1460,0.17458639419020944,0,NO,Medium
766,Airtel,F,56,Meghalaya,Delhi,47959,73,25,5220,1458,0.17456199605179382,0,NO,Medium
35,Vodafone,M,58,West Bengal,Kolkata,104291,51,8,8662,1461,0.17440687835259922,0,NO,Medium
993,BSNL,F,57,Tamil Nadu,Chennai,123185,44,44,5785,1457,0.17438984632978016,0,NO,Medium
906,Reliance Jio,M,43,Gujarat,Chennai,135890,26,44,10256,1457,0.17433958444038475,0,NO,Medium
873,BSNL,M,45,Nagaland,Mumbai,57446,51,2,10458,1457,0.17429954934081532,0,NO,Medium
493,Vodafone,M,33,Tamil Nadu,Mumbai,35944,37,42,9330,1459,0.17426828773017766,0,NO,Medium
532,Vodafone,M,45,Nagaland,Chennai,45761,44,27,4235,1459,0.1742280167193502,0,NO,Medium
612,Airtel,F,22,Gujarat,Bangalore,44523,42,52,3377,1458,0.17420634775914848,0,NO,Medium
212,Airtel,F,44,Punjab,Bangalore,70935,33,7,9960,1460,0.17415646286836411,0,NO,Medium
478,Airtel,M,37,Tamil Nadu,Hyderabad,25306,32,44,488,1459,0.17411422871857654,0,NO,Medium
586,Airtel,F,40,Meghalaya,Kolkata,28285,23,44,6471,1459,0.17406462698731617,0,NO,Medium
116,BSNL,M,68,Nagaland,Hyderabad,45577,44,9,3931,1461,0.17404390753745855,0,NO,Medium
877,Vodafone,M,44,Odisha,Mumbai,140333,42,44,321,1457,0.17404271829837514,0,NO,Medium
181,Reliance Jio,F,55,Maharashtra,Mumbai,121888,-10,9,8344,1461,0.17404187721550426,0,NO,Medium
853,Reliance Jio,F,58,Kerala,Chennai,20604,19,49,2171,1457,0.17401517237946265,0,NO,Medium
992,Airtel,F,53,Jharkhand,Delhi,61319,67,29,837,1457,0.17401116226598445,0,NO,Medium
7,BSNL,F,60,Karnataka,Delhi,110035,36,13,8512,1461,0.1739695275352726,0,NO,Medium
925,BSNL,M,55,Mizoram,Kolkata,56155,88,19,1806,1457,0.17391556818164428,0,NO,Medium
185,Reliance Jio,F,40,Arunachal Pradesh,Delhi,96844,51,9,896,1461,0.17389051900266977,0,NO,Medium
820,Airtel,F,67,Meghalaya,Hyderabad,63614,54,25,951,1457,0.17388077707549537,0,NO,Medium
727,Vodafone,F,40,Punjab,Mumbai,47891,53,33,2705,1458,0.17384068509952816,0,NO,Medium
895,Vodafone,F,41,Punjab,Kolkata,142240,84,22,5694,1457,0.17383131771673038,0,NO,Medium
742,Reliance Jio,M,66,Telangana,Delhi,141228,57,22,5477,1458,0.17382430215508093,0,NO,Medium
546,Vodafone,F,25,Madhya Pradesh,Delhi,69022,28,1,7776,1459,0.17379268328237185,0,NO,Medium
696,Reliance Jio,M,43,Assam,Mumbai,119598,23,46,8792,1458,0.1737480501037278,0,NO,Medium
28,BSNL,M,20,Karnataka,Delhi,133235,99,4,5044,1461,0.17366687437081813,0,NO,Medium
563,Airtel,M,41,Uttar Pradesh,Delhi,27403,90,15,9299,1459,0.1736665139894911,0,NO,Medium
548,Reliance Jio,M,22,Manipur,Hyderabad,103846,-1,22,7387,1459,0.17365202528927717,0,NO,Medium
256,Vodafone,M,29,Maharashtra,Kolkata,147761,20,27,2202,1460,0.17363752893183013,0,NO,Medium
447,Airtel,M,65,Meghalaya,Chennai,20797,52,32,9263,1459,0.17352450807312186,0,NO,Medium
204,Vodafone,M,59,Gujarat,Bangalore,47975,30,33,6477,1460,0.17347591045585087,0,NO,Medium
308,Airtel,F,45,Sikkim,Kolkata,116297,43,20,4289,1460,0.1734674813926413,0,NO,Medium
195,Vodafone,M,39,Manipur,Mumbai,36810,71,11,8988,1461,0.1734306565595051,0,NO,Medium
648,Vodafone,F,33,Odisha,Bangalore,137726,38,23,10854,1458,0.17341206944729257,0,NO,Medium
202,Vodafone,M,70,Assam,Delhi,27518,62,16,5487,1460,0.17334679621072532,0,NO,Medium
683,Vodafone,M,49,Tripura,Delhi,79208,22,24,0,1458,0.17332852896793963,0,NO,Medium
839,BSNL,F,59,Meghalaya,Kolkata,47697,98,46,1049,1457,0.17330419822823348,0,NO,Medium
249,Airtel,F,27,Rajasthan,Mumbai,103388,18,35,8840,1460,0.17313868007367994,0,NO,Medium
240,Airtel,M,33,Uttar Pradesh,Mumbai,38322,38,29,8081,1460,0.17309492373713958,0,NO,Medium
193,Airtel,M,21,Andhra Pradesh,Kolkata,89133,22,6,5990,1461,0.17304493893164158,0,NO,Medium
903,Reliance Jio,F,49,Uttarakhand,Delhi,32341,58,50,2382,1457,0.17304374934167005,0,NO,Medium
262,Vodafone,M,59,Andhra Pradesh,Delhi,28888,37,22,4306,1460,0.17302566752595847,0,NO,Medium
639,Airtel,F,23,Uttar Pradesh,Mumbai,79122,6,35,8368,1458,0.17300086278055635,0,NO,Medium
82,Reliance Jio,M,42,Nagaland,Kolkata,135489,66,10,5821,1461,0.17298531691155447,0,NO,Medium
706,BSNL,F,29,Rajasthan,Delhi,20276,72,24,9386,1458,0.17298274868802765,0,NO,Medium
395,Vodafone,M,30,Gujarat,Chennai,149187,51,4,9104,1460,0.1729587723861497,0,NO,Medium
954,Reliance Jio,M,61,Kerala,Mumbai,34792,29,35,5482,1457,0.17293760464616753,0,NO,Medium
738,Reliance Jio,F,30,Tamil Nadu,Delhi,62077,10,29,7550,1458,0.17293473166731452,0,NO,Medium
25,Reliance Jio,M,48,Telangana,Delhi,114923,43,8,5994,1461,0.17287963861969405,0,NO,Medium
347,BSNL,M,20,Tamil Nadu,Hyderabad,97864,35,7,5314,1460,0.17286849555761974,0,NO,Medium
565,BSNL,F,45,West Bengal,Chennai,35060,73,20,6613,1459,0.17284231025286154,0,NO,Medium
91,BSNL,M,28,Bihar,Bangalore,31297,36,-3,2695,1461,0.17277410463158213,0,NO,Medium
890,BSNL,M,53,Jharkhand,Chennai,61038,22,37,4366,1457,0.17277177399134283,0,NO,Medium
620,Reliance Jio,M,29,Assam,Delhi,119793,63,23,1351,1458,0.17275272019979296,0,NO,Medium
825,Reliance Jio,F,66,West Bengal,Chennai,86778,38,4,6493,1457,0.17274604960321777,0,NO,Medium
529,Airtel,M,21,Rajasthan,Kolkata,120546,70,27,258,1459,0.17273389410095952,0,NO,Medium
726,Airtel,M,55,Himachal Pradesh,Hyderabad,26660,31,39,7373,1458,0.17272543154361983,0,NO,Medium
410,Vodafone,M,36,Uttar Pradesh,Bangalore,39286,71,23,1594,1459,0.17270639108328636,0,NO,Medium
651,Vodafone,F,44,Andhra Pradesh,Delhi,136870,-1,41,8890,1458,0.17267990753589332,0,NO,Medium
616,Vodafone,F,37,Goa,Kolkata,99950,20,48,1449,1458,0.17266018100862013,0,NO,Medium
621,Vodafone,F,50,Chhattisgarh,Hyderabad,137763,45,16,10439,1458,0.17262821869360753,0,NO,Medium
974,BSNL,F,49,Rajasthan,Kolkata,109351,47,31,6749,1457,0.17260604154434936,0,NO,Medium
891,Airtel,M,51,Telangana,Delhi,136249,74,16,4324,1457,0.17256708819120994,0,NO,Medium
729,Vodafone,F,65,Bihar,Mumbai,40232,22,42,0,1458,0.17254372496812187,0,NO,Medium
856,Vodafone,F,22,Kerala,Delhi,85566,36,36,2384,1457,0.17238328127648497,0,NO,Medium
484,Vodafone,M,30,Tripura,Kolkata,40077,53,33,1563,1459,0.17232202842793343,0,NO,Medium
391,Airtel,F,52,Haryana,Delhi,116351,74,6,3800,1460,0.17224572108008976,0,NO,Medium
307,BSNL,F,54,Uttar Pradesh,Mumbai,88196,42,20,4897,1460,0.17220520017982166,0,NO,Medium
868,Reliance Jio,M,28,Mizoram,Chennai,22933,34,53,6413,1457,0.17217674388181903,0,NO,Medium
672,Reliance Jio,M,39,Sikkim,Hyderabad,112435,20,39,10486,1458,0.1721337431893064,0,NO,Medium
353,Airtel,M,38,Gujarat,Hyderabad,37512,29,35,4781,1460,0.17213102932051436,0,NO,Medium
687,Reliance Jio,M,33,West Bengal,Bangalore,72930,-3,42,3905,1458,0.17211007470840003,0,NO,Medium
845,Airtel,F,33,Telangana,Chennai,120376,31,23,7863,1457,0.1720974897236666,0,NO,Medium
303,Reliance Jio,M,21,Meghalaya,Bangalore,24120,99,-3,5800,1460,0.17196318652984693,0,NO,Medium
253,Airtel,M,63,Assam,Hyderabad,139202,5,-1,1811,1460,0.17194126468370924,0,NO,Medium
83,Vodafone,F,55,Arunachal Pradesh,Chennai,71817,3,18,3096,1461,0.17191916640664978,0,NO,Medium
148,Reliance Jio,M,59,Uttarakhand,Kolkata,133539,30,8,2799,1461,0.17187746274920074,0,NO,Medium
386,Airtel,F,50,Rajasthan,Hyderabad,104420,15,-2,8251,1460,0.17186493042312542,0,NO,Medium
275,Airtel,F,63,Mizoram,Hyderabad,149325,106,5,7993,1460,0.1718386966835049,0,NO,Medium
125,Vodafone,M,35,Manipur,Mumbai,35375,77,7,4195,1461,0.17183519432847277,0,NO,Medium
889,Airtel,M,34,Jharkhand,Mumbai,22930,89,24,6070,1457,0.17182938405465495,0,NO,Medium
470,BSNL,F,72,Uttar Pradesh,Bangalore,124442,44,11,7488,1459,0.17181158584696396,0,NO,Medium
880,Reliance Jio,M,23,Karnataka,Hyderabad,41152,22,45,9081,1457,0.1718081982399018,0,NO,Medium
756,Airtel,M,58,Haryana,Hyderabad,111096,33,28,8477,1458,0.17180466561756333,0,NO,Medium
947,Airtel,F,63,West Bengal,Chennai,34991,87,24,1788,1457,0.17180127434471038,0,NO,Medium
570,Airtel,M,41,Jharkhand,Bangalore,62961,37,14,5834,1459,0.1717600733636944,0,NO,Medium
847,BSNL,M,37,Gujarat,Mumbai,116209,7,2,0,1457,0.171573785895759,0,NO,Medium
849,Airtel,M,49,Meghalaya,Bangalore,21482,49,35,7730,1457,0.17157001282014406,0,NO,Medium
51,BSNL,F,30,Tripura,Hyderabad,86402,16,27,4865,1461,0.1715503659640623,0,NO,Medium
758,Reliance Jio,M,21,Kerala,Bangalore,27014,93,21,2920,1458,0.17149331278528934,0,NO,Medium
950,Reliance Jio,F,59,Madhya Pradesh,Hyderabad,80058,18,31,9961,1457,0.17147032043445312,0,NO,Medium
699,Reliance Jio,M,73,Bihar,Chennai,51009,37,16,8730,1458,0.1714487071191152,0,NO,Medium
966,BSNL,M,73,Odisha,Chennai,131638,17,29,1950,1457,0.17144051222248452,0,NO,Medium
852,Reliance Jio,F,67,Andhra Pradesh,Chennai,43638,52,18,8537,1457,0.17142004245457518,0,NO,Medium
486,Reliance Jio,M,18,Haryana,Bangalore,133046,67,21,1184,1459,0.17139087473099796,0,NO,Medium
861,Vodafone,M,65,Uttarakhand,Delhi,149346,42,19,3788,1457,0.1713812671633892,0,NO,Medium
922,Airtel,M,25,Karnataka,Delhi,93348,50,5,6939,1457,0.17129512616918616,0,NO,Medium
857,Airtel,M,58,Maharashtra,Mumbai,119575,66,8,3783,1457,0.17124596804353165,0,NO,Medium
785,Reliance Jio,F,46,Tripura,Delhi,141414,66,11,459,1458,0.17121059304123107,0,NO,Medium
864,Vodafone,M,32,Andhra Pradesh,Delhi,123354,29,39,309,1457,0.17116264139718032,0,NO,Medium
152,Reliance Jio,M,67,Assam,Bangalore,28846,18,49,10200,1461,0.17115405364732703,0,NO,Medium
860,BSNL,F,63,Mizoram,Kolkata,30353,81,19,8039,1457,0.1711463677429035,0,NO,Medium
661,Reliance Jio,M,33,Rajasthan,Hyderabad,108098,23,3,8360,1458,0.17108675240166157,0,NO,Medium
958,Vodafone,F,38,Karnataka,Mumbai,144039,45,19,7758,1457,0.17106179265167532,0,NO,Medium
462,Vodafone,F,34,Nagaland,Chennai,51380,21,35,1908,1459,0.1709678793286755,0,NO,Medium
180,Airtel,M,46,Chhattisgarh,Mumbai,44681,0,45,3747,1461,0.1709612259807856,0,NO,Medium
219,Airtel,F,43,Tripura,Chennai,61692,61,2,1335,1460,0.17095858617191606,0,NO,Medium
640,BSNL,F,19,Madhya Pradesh,Chennai,50046,1,51,385,1458,0.17094522444855237,0,NO,Medium
110,BSNL,M,36,Chhattisgarh,Delhi,53001,-3,24,3695,1461,0.17093737950068147,0,NO,Medium
780,BSNL,F,59,Maharashtra,Kolkata,94104,43,14,1125,1458,0.17091774206755023,0,NO,Medium
408,BSNL,M,60,Punjab,Chennai,120060,18,25,4836,1459,0.17091240558709167,0,NO,Medium
854,Reliance Jio,M,36,Telangana,Mumbai,127147,29,30,2406,1457,0.1709091763088774,0,NO,Medium
171,BSNL,M,47,Uttarakhand,Bangalore,80198,28,-1,4942,1461,0.17089093133703367,0,NO,Medium
553,BSNL,M,30,Sikkim,Chennai,97921,102,4,5550,1459,0.17088043180780507,0,NO,Medium
433,Reliance Jio,F,22,Meghalaya,Bangalore,24963,5,36,682,1459,0.17085746777585104,0,NO,Medium
71,BSNL,M,50,West Bengal,Delhi,83907,29,11,8198,1461,0.17084737692473256,0,NO,Medium
472,BSNL,F,61,Assam,Hyderabad,31107,59,13,6324,1459,0.17083946859772678,0,NO,Medium
619,Airtel,M,24,Punjab,Chennai,127065,6,39,1615,1458,0.17082389161371386,0,NO,Medium
244,Vodafone,F,31,Himachal Pradesh,Chennai,84898,-4,20,5952,1460,0.17081840998370926,0,NO,Medium
258,Reliance Jio,F,44,Bihar,Chennai,121363,22,11,4357,1460,0.1707591362858476,0,NO,Medium
52,Reliance Jio,F,35,Mizoram,Delhi,47529,51,8,7563,1461,0.17075209805184174,0,NO,Medium
394,BSNL,M,20,Madhya Pradesh,Delhi,54235,66,7,0,1460,0.17071024531472334,0,NO,Medium
801,Airtel,F,67,Tripura,Chennai,90770,23,38,6222,1457,0.17068206537211664,0,NO,Medium
882,BSNL,M,26,Madhya Pradesh,Delhi,109939,21,40,1587,1457,0.17057965179991075,0,NO,Medium
943,BSNL,M,55,Odisha,Mumbai,131836,90,5,8013,1457,0.17050146458720614,0,NO,Medium
100,Airtel,M,59,Manipur,Hyderabad,144251,42,5,3497,1461,0.17042687529783285,0,NO,Medium
779,Reliance Jio,M,54,Bihar,Mumbai,57305,40,13,2512,1458,0.1704183043167832,0,NO,Medium
680,Airtel,M,36,Meghalaya,Kolkata,100778,4,9,3916,1458,0.17040505328562056,0,NO,Medium
694,BSNL,M,23,West Bengal,Hyderabad,135884,13,33,4728,1458,0.1704027897047199,0,NO,Medium
287,Vodafone,F,18,Jharkhand,Kolkata,80143,39,-4,0,1460,0.17039666165042508,0,NO,Medium
964,Reliance Jio,M,65,Punjab,Chennai,115723,105,4,7826,1457,0.1703704512549799,0,NO,Medium
643,Reliance Jio,F,29,Chhattisgarh,Bangalore,125900,86,17,183,1458,0.17032305597212988,0,NO,Medium
601,BSNL,M,41,Bihar,Hyderabad,46474,58,18,7964,1458,0.17025961408135104,0,NO,Medium
143,Airtel,M,58,Kerala,Bangalore,102742,25,19,7841,1461,0.17025645850126128,0,NO,Medium
265,BSNL,M,63,Arunachal Pradesh,Chennai,94172,15,36,6709,1460,0.17016473783084338,0,NO,Medium
791,BSNL,F,47,Haryana,Hyderabad,146871,11,43,981,1458,0.17015271717714828,0,NO,Medium
380,Vodafone,F,24,Uttar Pradesh,Mumbai,109504,-5,45,10244,1460,0.17011139850188509,0,NO,Medium
13,Vodafone,F,64,Uttar Pradesh,Hyderabad,136967,40,4,1911,1461,0.17007426787402258,0,NO,Medium
678,Vodafone,F,52,Manipur,Bangalore,120660,77,3,5485,1458,0.17007299538283666,0,NO,Medium
518,Airtel,M,62,Rajasthan,Hyderabad,135719,83,-2,0,1459,0.17001345219395023,0,NO,Medium
289,Vodafone,F,63,Uttarakhand,Mumbai,30879,17,21,5772,1460,0.1699944198791634,0,NO,Medium
327,Airtel,M,69,Tamil Nadu,Chennai,84544,14,28,9884,1460,0.16997342188012052,0,NO,Medium
939,Airtel,M,45,Tamil Nadu,Kolkata,64599,12,41,890,1457,0.1699541983413604,0,NO,Medium
713,BSNL,M,51,Odisha,Bangalore,43053,23,47,4249,1458,0.16982716207752402,0,NO,Medium
600,BSNL,F,36,Maharashtra,Mumbai,103577,26,21,2314,1459,0.16979526660622793,0,NO,Medium
155,Reliance Jio,M,70,Arunachal Pradesh,Kolkata,53865,-5,42,9856,1461,0.16977492206645606,0,NO,Medium
614,BSNL,M,47,Goa,Mumbai,101683,19,25,1950,1458,0.169766032204003,0,NO,Medium
562,Reliance Jio,M,54,Gujarat,Chennai,133190,79,4,1050,1459,0.16975831434511462,0,NO,Medium
257,BSNL,M,21,Gujarat,Mumbai,40854,8,28,1326,1460,0.16974519233830837,0,NO,Medium
178,Airtel,M,36,Nagaland,Mumbai,130932,57,0,3824,1461,0.1697442027302605,0,NO,Medium
166,Reliance Jio,M,39,Kerala,Chennai,128969,95,-2,2378,1461,0.16969685122950096,0,NO,Medium
949,BSNL,M,37,Goa,Delhi,41228,37,43,7858,1457,0.16969221788208985,0,NO,Medium
339,BSNL,M,39,Himachal Pradesh,Delhi,34432,66,11,2659,1460,0.16968232078616044,0,NO,Medium
211,Vodafone,M,72,Telangana,Mumbai,39983,33,12,8597,1460,0.1695870137006114,0,NO,Medium
464,Reliance Jio,F,70,Nagaland,Kolkata,123031,44,21,7605,1459,0.1695699849630587,0,NO,Medium
936,BSNL,M,26,Kerala,Mumbai,116192,26,10,9230,1457,0.1695286321822136,0,NO,Medium
656,Vodafone,M,42,Arunachal Pradesh,Mumbai,138618,72,-2,274,1458,0.16948750047854716,0,NO,Medium
725,Vodafone,M,68,West Bengal,Mumbai,71749,80,-2,3974,1458,0.16946817986257848,0,NO,Medium
971,Reliance Jio,F,63,Haryana,Hyderabad,78858,-2,36,2799,1457,0.16946500085484845,0,NO,Medium
552,BSNL,M,55,Haryana,Bangalore,63307,0,44,5503,1459,0.1694622812250339,0,NO,Medium
685,Vodafone,F,21,Uttar Pradesh,Delhi,58510,42,6,3824,1458,0.16940551652603636,0,NO,Medium
454,BSNL,M,36,Karnataka,Kolkata,117088,18,8,3755,1459,0.16937442723275598,0,NO,Medium
506,Airtel,M,67,Assam,Hyderabad,66892,34,13,3286,1459,0.16934691117854436,0,NO,Medium
348,Airtel,F,60,West Bengal,Bangalore,76335,10,35,10387,1460,0.16932005982825124,0,NO,Medium
789,Reliance Jio,F,66,Uttar Pradesh,Hyderabad,25535,69,14,7559,1458,0.16931258433287563,0,NO,Medium
907,Vodafone,F,65,Maharashtra,Bangalore,37397,101,32,220,1457,0.1692928949041206,0,NO,Medium
935,Reliance Jio,F,50,Manipur,Bangalore,141318,91,11,2923,1457,0.16926200306626035,0,NO,Medium
963,Vodafone,F,23,Tamil Nadu,Hyderabad,33430,93,13,8048,1457,0.16924926093670706,0,NO,Medium
844,Vodafone,M,23,Sikkim,Kolkata,112775,23,3,10700,1457,0.1692448341925237,0,NO,Medium
106,Vodafone,M,70,Himachal Pradesh,Mumbai,28513,87,4,5021,1461,0.16923775885540385,0,NO,Medium
846,Vodafone,F,66,Haryana,Hyderabad,138210,67,6,0,1457,0.16921242285029214,0,NO,Medium
744,Reliance Jio,M,46,Bihar,Chennai,65237,51,3,4598,1458,0.16920725980032766,0,NO,Medium
509,BSNL,F,60,Tamil Nadu,Kolkata,31522,84,4,4482,1459,0.1692044293218892,0,NO,Medium
933,Reliance Jio,M,23,Andhra Pradesh,Chennai,115147,21,-3,7434,1457,0.16918967236502946,0,NO,Medium
371,Airtel,F,51,Uttarakhand,Mumbai,40940,46,2,7409,1460,0.16910555525981077,0,NO,Medium
545,BSNL,M,20,Kerala,Kolkata,143873,96,11,428,1459,0.16909171127302827,0,NO,Medium
997,Airtel,M,38,Nagaland,Kolkata,127367,39,19,5328,1457,0.16907410005106027,0,NO,Medium
842,BSNL,M,50,Punjab,Kolkata,133795,56,13,5161,1457,0.16906760467159912,0,NO,Medium
591,BSNL,M,35,Madhya Pradesh,Bangalore,70485,11,22,7841,1459,0.16904692937415905,0,NO,Medium
782,Airtel,M,29,Himachal Pradesh,Bangalore,139343,32,16,3021,1458,0.16904631951345203,0,NO,Medium
920,Vodafone,M,45,Telangana,Delhi,47458,44,34,7303,1457,0.16903297839683532,0,NO,Medium
568,Reliance Jio,M,49,Goa,Delhi,141710,10,21,5024,1459,0.16902855604517306,0,NO,Medium
69,Airtel,M,39,Kerala,Mumbai,121809,-1,13,8728,1461,0.16901017858147746,0,NO,Medium
520,Airtel,M,64,Goa,Bangalore,100231,11,20,4591,1459,0.16899397877502054,0,NO,Medium
449,Vodafone,F,72,Uttar Pradesh,Delhi,132130,25,29,9872,1459,0.16898191192740758,0,NO,Medium
282,Reliance Jio,F,72,Nagaland,Delhi,22514,28,28,10385,1460,0.16897378828050655,0,NO,Medium
415,Airtel,M,55,Rajasthan,Bangalore,81137,-2,40,7892,1459,0.1689669912960176,0,NO,Medium
924,BSNL,M,20,Bihar,Chennai,107928,54,-2,6798,1457,0.16894580260062858,0,NO,Medium
566,BSNL,M,54,Himachal Pradesh,Hyderabad,33496,11,36,5467,1459,0.16887508819783986,0,NO,Medium
956,Airtel,M,22,Kerala,Delhi,47471,57,20,5654,1457,0.16887099725816784,0,NO,Medium
355,Reliance Jio,M,33,Assam,Mumbai,131042,15,20,6324,1460,0.1688593343303102,0,NO,Medium
617,Airtel,M,43,Uttar Pradesh,Mumbai,143446,38,16,3075,1458,0.1688242348036774,0,NO,Medium
878,BSNL,M,47,Telangana,Delhi,134931,79,10,5200,1457,0.1688176653114293,0,NO,Medium
718,BSNL,M,72,Himachal Pradesh,Chennai,106065,25,28,1365,1458,0.16874145043921523,0,NO,Medium
815,Reliance Jio,F,28,Uttar Pradesh,Chennai,135818,15,1,3704,1457,0.16870680533796728,0,NO,Medium
250,Airtel,M,59,Nagaland,Delhi,78218,-4,22,8154,1460,0.16866932536422094,0,NO,Medium
629,Vodafone,M,55,Madhya Pradesh,Hyderabad,99518,82,5,3952,1458,0.16862994201784562,0,NO,Medium
531,Vodafone,M,64,Kerala,Hyderabad,122486,-3,27,6395,1459,0.16857131104888728,0,NO,Medium
43,Airtel,M,48,Odisha,Chennai,126147,0,24,3310,1461,0.16856424279912843,0,NO,Medium
165,Vodafone,F,30,Uttarakhand,Mumbai,26351,49,5,3285,1461,0.1685140776473319,0,NO,Medium
70,Reliance Jio,M,28,Kerala,Chennai,34463,36,6,0,1461,0.16847627525797845,0,NO,Medium
30,Reliance Jio,M,53,Maharashtra,Kolkata,61335,4,45,7268,1461,0.16846635161092294,0,NO,Medium
34,BSNL,F,31,Haryana,Bangalore,106097,89,-2,3927,1461,0.16845895793949453,0,NO,Medium
960,BSNL,M,45,Gujarat,Hyderabad,27320,57,12,10632,1457,0.16845560707034085,0,NO,Medium
318,Airtel,M,47,Himachal Pradesh,Kolkata,65486,11,15,9928,1460,0.16838289259944106,0,NO,Medium
818,BSNL,F,25,Karnataka,Hyderabad,138775,20,3,8190,1457,0.1683781134154754,0,NO,Medium
89,BSNL,M,74,Manipur,Chennai,71227,55,0,1337,1461,0.16837767683770746,0,NO,Medium
281,Airtel,F,55,Gujarat,Kolkata,84239,43,3,976,1460,0.16836691681370086,0,NO,Medium
196,Vodafone,M,30,Assam,Bangalore,109615,0,7,2956,1461,0.16835374574850173,0,NO,Medium
111,Airtel,F,44,Maharashtra,Bangalore,107123,38,-4,3529,1461,0.16832281383477574,0,NO,Medium
390,BSNL,M,29,Uttar Pradesh,Delhi,30115,48,12,0,1460,0.16827546040971803,0,NO,Medium
875,Reliance Jio,F,30,Himachal Pradesh,Kolkata,119835,62,21,952,1457,0.16823404109889173,0,NO,Medium
622,Reliance Jio,M,32,Bihar,Chennai,31730,56,28,91,1458,0.16822444370229087,0,NO,Medium
737,Airtel,M,57,Jharkhand,Kolkata,91593,-8,23,9212,1458,0.16821827896976999,0,NO,Medium
929,BSNL,M,22,Andhra Pradesh,Chennai,52857,56,4,2465,1457,0.1681934116120348,0,NO,Medium
369,Reliance Jio,M,33,Mizoram,Kolkata,132500,102,0,5008,1460,0.16813836529730292,0,NO,Medium
781,Airtel,F,33,Gujarat,Hyderabad,105314,86,4,605,1458,0.16810786809629846,0,NO,Medium
652,Reliance Jio,F,63,West Bengal,Mumbai,85638,40,6,3885,1458,0.16804647157501199,0,NO,Medium
887,Airtel,M,73,Assam,Chennai,142310,42,1,7401,1457,0.16796348162819047,0,NO,Medium
662,Reliance Jio,F,39,Himachal Pradesh,Hyderabad,140857,12,20,4479,1458,0.16792200774636923,0,NO,Medium
160,Airtel,M,72,Punjab,Mumbai,31235,55,5,312,1461,0.1678780723582598,0,NO,Medium
430,Vodafone,M,51,Telangana,Kolkata,148645,20,15,8995,1459,0.1678714730954851,0,NO,Medium
530,Airtel,F,31,Mizoram,Bangalore,91738,0,47,2966,1459,0.1678249896071212,0,NO,Medium
429,Reliance Jio,M,44,Madhya Pradesh,Bangalore,44381,66,10,4855,1459,0.16782157207397083,0,NO,Medium
489,Airtel,F,66,Meghalaya,Hyderabad,49211,47,20,0,1459,0.1677840545529997,0,NO,Medium
900,BSNL,M,68,Arunachal Pradesh,Chennai,90532,42,26,4679,1457,0.16776453801598104,0,NO,Medium
800,BSNL,F,66,Jharkhand,Bangalore,113523,18,17,1464,1458,0.1677475896874019,0,NO,Medium
513,BSNL,F,29,Uttar Pradesh,Delhi,120050,26,3,2691,1459,0.16768828399920957,0,NO,Medium
952,Reliance Jio,M,62,Assam,Chennai,79013,25,16,4591,1457,0.16768276913727115,0,NO,Medium
241,Reliance Jio,F,69,Haryana,Delhi,33654,21,12,6522,1460,0.16767977143365073,0,NO,Medium
90,BSNL,M,39,Uttar Pradesh,Chennai,118200,22,8,10449,1461,0.16767414529967492,0,NO,Medium
776,Reliance Jio,M,72,Bihar,Bangalore,55472,-1,13,8097,1458,0.16764006130921874,0,NO,Medium
674,Airtel,M,27,Karnataka,Mumbai,137047,22,17,1365,1458,0.16761978720989562,0,NO,Medium
832,Vodafone,F,30,Madhya Pradesh,Mumbai,138782,94,27,533,1457,0.16761799612197603,0,NO,Medium
973,BSNL,M,69,Meghalaya,Kolkata,71203,5,46,2275,1457,0.16756049398078668,0,NO,Medium
342,BSNL,F,49,Jharkhand,Kolkata,49830,9,14,1533,1460,0.167534244908203,0,NO,Medium
598,BSNL,F,60,Assam,Mumbai,34164,38,24,1085,1459,0.16753228402499307,0,NO,Medium
609,Reliance Jio,M,73,Manipur,Mumbai,149124,36,-2,6958,1458,0.1674992144628507,0,NO,Medium
23,BSNL,F,26,Arunachal Pradesh,Chennai,65263,79,0,4426,1461,0.1673787706430952,0,NO,Medium
503,BSNL,M,53,Jharkhand,Delhi,63026,37,12,0,1459,0.16731696099112997,0,NO,Medium
423,BSNL,F,62,Gujarat,Bangalore,51444,5,37,1325,1459,0.16731203835835742,0,NO,Medium
295,Airtel,F,62,Haryana,Bangalore,124007,65,1,2317,1460,0.16725302803460246,0,NO,Medium
558,Airtel,M,45,Odisha,Hyderabad,97714,35,13,4125,1459,0.16720583391071955,0,NO,Medium
337,Reliance Jio,M,43,Tamil Nadu,Chennai,132775,49,4,3305,1460,0.1671815797015285,0,NO,Medium
236,Vodafone,F,26,Odisha,Delhi,89208,2,30,2680,1460,0.16717417685728078,0,NO,Medium
61,Vodafone,F,42,Karnataka,Kolkata,119872,3,17,3451,1461,0.16715840061543324,0,NO,Medium
594,BSNL,F,55,Haryana,Bangalore,42005,11,44,5777,1459,0.16711575194727946,0,NO,Medium
937,BSNL,M,48,Rajasthan,Chennai,99681,38,16,1762,1457,0.16711151939442045,0,NO,Medium
302,Vodafone,F,40,Rajasthan,Bangalore,46368,35,12,1966,1460,0.16705748813033616,0,NO,Medium
1000,Reliance Jio,M,38,Himachal Pradesh,Bangalore,88151,29,25,5908,1456,0.16695136442956565,0,NO,Medium
946,Airtel,M,35,Chhattisgarh,Bangalore,116319,7,42,7150,1457,0.1668947868314611,0,NO,Medium
375,Vodafone,M,18,Karnataka,Kolkata,109880,25,4,2974,1460,0.16687313505106663,0,NO,Medium
593,Reliance Jio,M,20,Tripura,Hyderabad,27291,18,21,3248,1459,0.16683756142666611,0,NO,Medium
792,Airtel,M,40,Karnataka,Mumbai,132502,33,15,0,1458,0.1667687911690156,0,NO,Medium
104,Vodafone,F,61,Uttar Pradesh,Hyderabad,103051,15,22,8993,1461,0.16673679817279946,0,NO,Medium
905,Airtel,M,39,Himachal Pradesh,Delhi,67163,96,5,0,1457,0.16669655496417035,0,NO,Medium
673,BSNL,F,63,Telangana,Mumbai,110823,43,8,888,1458,0.16667672882964057,0,NO,Medium
225,BSNL,M,42,Nagaland,Mumbai,74845,21,8,6660,1460,0.16658898145370088,0,NO,Medium
692,BSNL,F,67,Maharashtra,Kolkata,32774,11,45,7020,1458,0.16647270617901402,0,NO,Medium
892,Airtel,M,63,Bihar,Chennai,28968,89,15,2981,1457,0.1664037566162228,0,NO,Medium
819,BSNL,M,25,Chhattisgarh,Hyderabad,54118,87,3,3673,1457,0.16637817110527314,0,NO,Medium
722,Airtel,M,22,Arunachal Pradesh,Bangalore,128716,23,5,2208,1458,0.1662944996262724,0,NO,Medium
382,Vodafone,M,57,Bihar,Hyderabad,28097,1,24,6184,1460,0.16623872432151374,0,NO,Medium
263,Reliance Jio,F,70,Bihar,Delhi,31889,19,12,897,1460,0.1661964211821467,0,NO,Medium
424,Airtel,F,54,Andhra Pradesh,Mumbai,32362,102,8,1322,1459,0.16614843782301647,0,NO,Medium
587,Airtel,F,40,Kerala,Mumbai,102604,78,5,0,1459,0.1661176519642848,0,NO,Medium
411,Airtel,F,36,Bihar,Delhi,36370,2,5,8879,1459,0.1660081695252847,0,NO,Medium
691,Reliance Jio,M,31,Nagaland,Bangalore,52446,8,19,6927,1458,0.1659770309683112,0,NO,Medium
642,Airtel,M,25,Odisha,Hyderabad,89466,18,9,4396,1458,0.16596222924519483,0,NO,Medium
377,Airtel,F,61,Andhra Pradesh,Mumbai,104056,27,17,7331,1460,0.16594428164384162,0,NO,Medium
777,Reliance Jio,M,61,Karnataka,Chennai,108990,6,49,6298,1458,0.16593489975417455,0,NO,Medium
908,BSNL,F,60,Nagaland,Bangalore,21722,32,20,8911,1457,0.16591734339722194,0,NO,Medium
904,Vodafone,F,62,Haryana,Kolkata,35410,43,26,8815,1457,0.1659136976680454,0,NO,Medium
576,Airtel,M,41,Gujarat,Mumbai,71467,32,3,6104,1459,0.16587427826119086,0,NO,Medium
730,Vodafone,F,69,Himachal Pradesh,Delhi,84873,39,6,7501,1458,0.16577856512915629,0,NO,Medium
606,BSNL,F,58,Odisha,Bangalore,36628,28,30,513,1458,0.16574099481594248,0,NO,Medium
951,Reliance Jio,F,41,Jharkhand,Delhi,38670,53,-1,9282,1457,0.16572657135202376,0,NO,Medium
802,BSNL,F,22,Sikkim,Chennai,54554,89,1,2588,1457,0.16563094971668582,0,NO,Medium
517,Vodafone,M,70,Jharkhand,Hyderabad,49984,27,17,2484,1459,0.16561472721529158,0,NO,Medium
641,Vodafone,M,28,Rajasthan,Delhi,47171,31,29,3796,1458,0.16557435723081754,0,NO,Medium
146,Vodafone,M,35,Tripura,Kolkata,24791,15,26,8421,1461,0.1655047617199616,0,NO,Medium
886,Vodafone,F,37,Punjab,Bangalore,113179,11,36,5147,1457,0.1654614873431829,0,NO,Medium
686,BSNL,M,41,Arunachal Pradesh,Delhi,55373,46,8,0,1458,0.1654184094913519,0,NO,Medium
790,Reliance Jio,M,54,Uttarakhand,Bangalore,35466,72,3,7303,1458,0.16532589861870278,0,NO,Medium
350,Reliance Jio,M,19,Maharashtra,Kolkata,116019,89,4,2234,1460,0.1652566603136675,0,NO,Medium
352,BSNL,M,43,Haryana,Chennai,135229,17,13,3821,1460,0.16515575705482613,0,NO,Medium
528,BSNL,M,55,Sikkim,Mumbai,38480,13,44,9302,1459,0.16514829135107104,0,NO,Medium
550,BSNL,M,65,Nagaland,Delhi,90440,5,44,4182,1459,0.1650951029708001,0,NO,Medium
539,Vodafone,M,56,Maharashtra,Bangalore,104299,6,25,3532,1459,0.16503331222467366,0,NO,Medium
403,Airtel,F,43,Haryana,Delhi,57211,23,6,2980,1459,0.1649389960861075,0,NO,Low
979,BSNL,M,23,Maharashtra,Mumbai,57464,6,20,913,1457,0.1649001136169455,0,NO,Low
843,BSNL,M,42,Telangana,Mumbai,35952,79,14,4369,1457,0.1648637925153642,0,NO,Low
810,Airtel,F,19,Jharkhand,Chennai,98648,38,11,1938,1457,0.16477020847765161,0,NO,Low
186,Reliance Jio,F,67,Himachal Pradesh,Kolkata,115361,24,10,6744,1461,0.16470069803057538,0,NO,Low
676,Vodafone,F,32,Nagaland,Hyderabad,47985,15,33,6948,1458,0.16465733339645205,0,NO,Low
909,Vodafone,M,51,Uttarakhand,Hyderabad,141638,57,1,3609,1457,0.16457067358589686,0,NO,Low
544,BSNL,F,58,Andhra Pradesh,Chennai,143116,5,42,8438,1459,0.16449700471224182,0,NO,Low
747,Vodafone,M,26,Maharashtra,Bangalore,37087,36,24,5830,1458,0.1643122273188041,0,NO,Low
867,Reliance Jio,M,21,Andhra Pradesh,Kolkata,120637,61,3,961,1457,0.16418462996406846,0,NO,Low
384,Airtel,M,25,Kerala,Hyderabad,23184,9,14,1390,1460,0.1641666917078864,0,NO,Low
321,Reliance Jio,F,26,Arunachal Pradesh,Kolkata,42786,28,1,4321,1460,0.16415938271551592,0,NO,Low
831,Reliance Jio,M,24,Arunachal Pradesh,Hyderabad,65878,-6,2,3860,1457,0.16415551756396468,0,NO,Low
618,BSNL,M,64,Uttarakhand,Mumbai,101528,6,43,5951,1458,0.16410833124989402,0,NO,Low
628,Airtel,F,36,Meghalaya,Kolkata,94833,82,-2,3810,1458,0.16410641664810907,0,NO,Low
771,BSNL,M,36,Chhattisgarh,Chennai,118176,7,47,5697,1458,0.16409810402356503,0,NO,Low
772,Reliance Jio,F,49,Uttarakhand,Chennai,89877,54,3,2483,1458,0.16392905066854102,0,NO,Low
276,Airtel,M,37,Bihar,Bangalore,129980,19,8,6013,1460,0.16391520324877695,0,NO,Low
700,Vodafone,F,61,Sikkim,Kolkata,20190,14,36,5500,1458,0.16389134587840137,0,NO,Low
668,Vodafone,M,46,West Bengal,Delhi,135149,62,-2,8880,1458,0.16380354774653175,0,NO,Low
723,BSNL,F,72,Sikkim,Delhi,94739,35,0,498,1458,0.1638010926721794,0,NO,Low
588,BSNL,M,37,Arunachal Pradesh,Mumbai,27313,18,32,6253,1459,0.16376836158199576,0,NO,Low
515,Airtel,M,73,Madhya Pradesh,Hyderabad,66301,-1,13,2154,1459,0.16373001071639498,0,NO,Low
720,BSNL,F,61,Haryana,Hyderabad,45524,28,25,7733,1458,0.16365933122713433,0,NO,Low
407,BSNL,M,50,Andhra Pradesh,Mumbai,27602,17,27,8031,1459,0.1635727853651102,0,NO,Low
740,Reliance Jio,F,40,Bihar,Bangalore,24696,42,12,3999,1458,0.16351777116839572,0,NO,Low
524,BSNL,M,61,Rajasthan,Hyderabad,71266,27,3,5960,1459,0.16349113575403634,0,NO,Low
467,Reliance Jio,F,55,Nagaland,Kolkata,71991,7,25,8226,1459,0.16347647852551314,0,NO,Low
897,BSNL,F,49,Tamil Nadu,Hyderabad,120545,26,9,8830,1457,0.16344471009163458,0,NO,Low
138,Reliance Jio,M,64,Himachal Pradesh,Chennai,56741,22,1,4821,1461,0.16339943286248307,0,NO,Low
55,BSNL,F,49,Jharkhand,Chennai,25655,32,0,2756,1461,0.16336366437222358,0,NO,Low
658,BSNL,F,42,Manipur,Kolkata,44261,18,25,7039,1458,0.1633529072489656,0,NO,Low
944,Airtel,M,26,Chhattisgarh,Mumbai,44176,31,10,8259,1457,0.16334756630552325,0,NO,Low
135,Airtel,F,63,Manipur,Kolkata,88523,22,9,6211,1461,0.16330429339750846,0,NO,Low
120,BSNL,M,18,Andhra Pradesh,Hyderabad,96992,93,3,0,1461,0.16328615184575387,0,NO,Low
989,Vodafone,F,23,Mizoram,Mumbai,94480,38,9,0,1457,0.16321628114753017,0,NO,Low
315,Vodafone,F,29,Andhra Pradesh,Delhi,20806,92,2,3461,1460,0.16321460484216696,0,NO,Low
27,Vodafone,M,58,Himachal Pradesh,Delhi,50853,36,5,5604,1461,0.16303366490904292,0,NO,Low
191,Reliance Jio,M,66,Kerala,Chennai,99159,-3,-1,3838,1461,0.16300635482187117,0,NO,Low
872,Airtel,F,54,Kerala,Delhi,142333,30,-3,2617,1457,0.16299590305416972,0,NO,Low
752,Vodafone,M,27,Tripura,Delhi,67853,52,0,4446,1458,0.16295929054737424,0,NO,Low
131,BSNL,F,53,Karnataka,Mumbai,107295,8,17,10401,1461,0.16291356116278755,0,NO,Low
150,Reliance Jio,M,56,Telangana,Delhi,50807,41,-1,5820,1461,0.16275638410836366,0,NO,Low
982,Vodafone,F,48,Telangana,Chennai,148331,12,10,1203,1457,0.16269646420408138,0,NO,Low
859,Airtel,M,25,Jharkhand,Kolkata,22987,12,18,9309,1457,0.16263758107657472,0,NO,Low
724,Reliance Jio,F,69,Manipur,Bangalore,113861,1,29,4393,1458,0.16252587342719513,0,NO,Low
283,Reliance Jio,F,33,Telangana,Bangalore,43005,-1,-4,1595,1460,0.16245222630841372,0,NO,Low
675,BSNL,M,69,Bihar,Delhi,23262,83,7,724,1458,0.16243069421907758,0,NO,Low
913,BSNL,F,47,Himachal Pradesh,Hyderabad,23944,28,18,4348,1457,0.1624145081536712,0,NO,Low
987,Airtel,F,71,Jharkhand,Mumbai,98598,2,42,7531,1457,0.16241219556775732,0,NO,Low
835,BSNL,F,25,Rajasthan,Bangalore,50939,34,7,6840,1457,0.1621671703185418,0,NO,Low
763,Airtel,M,25,Maharashtra,Kolkata,71325,-3,43,8512,1458,0.16205949468197317,0,NO,Low
795,Vodafone,F,47,Jharkhand,Chennai,95568,24,13,1646,1458,0.16191269969978409,0,NO,Low
557,Vodafone,M,44,Telangana,Delhi,35432,13,35,10470,1459,0.16190811902656638,0,NO,Low
833,Vodafone,F,49,Haryana,Mumbai,107924,1,5,5397,1457,0.16189594783774086,0,NO,Low
746,Reliance Jio,M,47,Punjab,Kolkata,43890,45,15,6351,1458,0.16189082271144808,0,NO,Low
682,BSNL,M,37,Gujarat,Chennai,30290,33,18,48,1458,0.1618621325428391,0,NO,Low
986,Reliance Jio,F,27,Sikkim,Delhi,60099,35,0,5099,1457,0.1618105978510337,0,NO,Low
670,BSNL,M,53,Uttarakhand,Bangalore,76983,20,10,5594,1458,0.16179094269569044,0,NO,Low
494,Airtel,F,67,Nagaland,Delhi,116562,23,4,4494,1459,0.16174826101386008,0,NO,Low
923,Reliance Jio,M,49,Himachal Pradesh,Bangalore,109679,26,11,7615,1457,0.16174814631113682,0,NO,Low
932,Airtel,M,72,Nagaland,Mumbai,148370,14,18,6161,1457,0.16172334794783003,0,NO,Low
808,Vodafone,M,54,Tamil Nadu,Bangalore,110967,48,2,10352,1457,0.1615087371284505,0,NO,Low
955,BSNL,F,55,Kerala,Delhi,103341,15,33,8298,1457,0.16140761727263742,0,NO,Low
940,Airtel,M,37,Rajasthan,Chennai,120298,2,39,2843,1457,0.1613988371575532,0,NO,Low
741,Vodafone,F,59,Andhra Pradesh,Chennai,90749,9,17,1169,1458,0.16127682891288728,0,NO,Low
734,Airtel,F,47,Karnataka,Kolkata,103554,-6,3,5319,1458,0.16107913268479077,0,NO,Low
948,Reliance Jio,M,32,Manipur,Chennai,20509,68,9,678,1457,0.16097826707549182,0,NO,Low
498,Airtel,M,27,Jharkhand,Delhi,24674,23,7,8206,1459,0.16093113225889555,0,NO,Low
803,BSNL,M,72,Himachal Pradesh,Delhi,35890,37,28,3956,1457,0.16085495551992238,0,NO,Low
215,Vodafone,M,34,Andhra Pradesh,Hyderabad,51329,24,4,9512,1460,0.1607722314931889,0,NO,Low
245,Vodafone,F,33,Uttarakhand,Hyderabad,40232,69,1,3798,1460,0.16059102591436844,0,NO,Low
214,Reliance Jio,M,39,Bihar,Mumbai,137015,5,11,6982,1460,0.1603545101425661,0,NO,Low
514,Reliance Jio,F,61,Telangana,Kolkata,43388,32,6,1528,1459,0.1598224466060867,0,NO,Low
690,Vodafone,F,64,Rajasthan,Kolkata,91298,86,1,8041,1458,0.15923217217617802,0,NO,Low
436,Airtel,M,69,Maharashtra,Bangalore,81083,9,5,1772,1459,0.15917388469404162,0,NO,Low
349,Airtel,M,38,Jharkhand,Mumbai,50984,-6,1,2232,1460,0.15909521734752124,0,NO,Low
604,Reliance Jio,F,74,Haryana,Bangalore,40553,1,11,2819,1458,0.1590419324699206,0,NO,Low
677,Reliance Jio,M,58,Andhra Pradesh,Hyderabad,24407,21,24,3655,1458,0.15897185552178297,0,NO,Low
927,Airtel,F,59,Punjab,Mumbai,34487,45,3,2519,1457,0.1589189458718126,0,NO,Low
508,Reliance Jio,M,40,Gujarat,Mumbai,24568,27,10,2691,1459,0.1589172937259072,0,NO,Low
695,BSNL,M,59,Mizoram,Delhi,79076,14,10,3628,1458,0.15877951501845824,0,NO,Low
428,BSNL,F,61,Telangana,Mumbai,29781,6,28,4712,1459,0.15875173257241326,0,NO,Low
967,Vodafone,F,18,Tamil Nadu,Delhi,32492,88,12,1192,1457,0.15872244707373706,0,NO,Low
828,BSNL,M,63,Uttarakhand,Chennai,32669,38,19,5367,1457,0.15864286883033313,0,NO,Low
534,Airtel,M,65,Madhya Pradesh,Kolkata,49445,37,3,0,1459,0.1586016484870772,0,NO,Low
754,Vodafone,M,71,Manipur,Chennai,52822,9,10,590,1458,0.15840362449178685,0,NO,Low
765,Airtel,F,50,Sikkim,Kolkata,50193,55,-1,4226,1458,0.15832684705390118,0,NO,Low
569,Airtel,F,47,Gujarat,Hyderabad,103302,9,-4,10432,1459,0.15827016702082697,0,NO,Low
228,Reliance Jio,M,42,Haryana,Bangalore,127407,10,2,6557,1460,0.157913162244648,0,NO,Low
526,BSNL,M,47,Nagaland,Hyderabad,110063,41,0,7613,1459,0.15791147627089036,0,NO,Low
468,Reliance Jio,M,61,Telangana,Bangalore,103765,8,13,8503,1459,0.15785485076987055,0,NO,Low
298,BSNL,M,46,Goa,Delhi,131904,1,21,2991,1460,0.15778647118363642,0,NO,Low
571,Reliance Jio,M,56,Tamil Nadu,Chennai,56448,-5,3,3338,1459,0.15757574984789796,0,NO,Low
965,Reliance Jio,M,40,Himachal Pradesh,Chennai,26148,12,25,8298,1457,0.1573953948217897,0,NO,Low
910,Reliance Jio,M,43,Karnataka,Hyderabad,74504,10,3,3688,1457,0.15734411233841672,0,NO,Low
389,Airtel,M,62,Madhya Pradesh,Chennai,129422,5,5,3657,1460,0.15731528435555173,0,NO,Low
822,Vodafone,M,43,Andhra Pradesh,Mumbai,45188,19,22,4071,1457,0.15716850307434785,0,NO,Low
456,BSNL,M,41,Chhattisgarh,Chennai,20038,19,7,1982,1459,0.15677999668629683,0,NO,Low
435,Reliance Jio,F,70,Uttar Pradesh,Chennai,45037,20,5,4017,1459,0.1563023591777111,0,NO,Low
977,Airtel,M,24,Tamil Nadu,Delhi,35351,4,7,746,1457,0.15606091661496155,0,NO,Low
405,Reliance Jio,M,67,Odisha,Mumbai,49392,-6,7,4692,1459,0.1546614667626336,0,NO,Low
624,Vodafone,M,67,Assam,Kolkata,27016,34,9,2255,1458,0.15437241441314745,0,NO,Low
235,BSNL,M,56,Karnataka,Kolkata,98653,5,30,7760,1460,0.1543717202481563,0,NO,Low
823,Vodafone,M,32,Haryana,Delhi,34660,13,11,5951,1457,0.15428228164252425,0,NO,Low
581,Vodafone,M,66,Rajasthan,Bangalore,99972,10,1,5198,1459,0.15250594782055435,0,NO,Low
883,Vodafone,M,46,Uttarakhand,Delhi,33675,4,12,2439,1457,0.15248665115432142,0,NO,Low
731,Vodafone,F,51,West Bengal,Chennai,31147,8,3,0,1458,0.15248371868535715,0,NO,Low
461,Vodafone,M,34,Jharkhand,Kolkata,27308,5,3,3688,1459,0.15215968789459872,0,NO,Low
773,Airtel,F,67,Nagaland,Chennai,35244,4,15,8236,1458,0.1520341008905919,0,NO,Low
959,Reliance Jio,M,49,Maharashtra,Bangalore,29972,18,9,2771,1457,0.15098750198995525,0,NO,Low
912,Vodafone,F,63,Kerala,Hyderabad,22851,13,11,1046,1457,0.15073366437018115,0,NO,Low
760,BSNL,F,53,Andhra Pradesh,Hyderabad,50632,15,3,7009,1458,0.14925563942428716,0,NO,Low
838,Vodafone,M,66,Mizoram,Kolkata,31965,18,5,2901,1457,0.14910695402588814,0,NO,Low
826,Vodafone,F,47,Kerala,Hyderabad,26015,10,7,6041,1457,0.14761904773912873,0,NO,Low
928,Reliance Jio,M,68,Kerala,Kolkata,48672,8,9,6518,1457,0.14716929014609206,0,NO,Low
